-- phpMyAdmin SQL Dump
-- version 4.1.12
-- http://www.phpmyadmin.net
--
-- 主機: 127.0.0.1
-- 產生時間： 2016 ?09 ??01 ??09:49
-- 伺服器版本: 5.6.16
-- PHP 版本： 5.5.11

SET SQL_MODE = "NO_AUTO_VALUE_ON_ZERO";
SET time_zone = "+00:00";


/*!40101 SET @OLD_CHARACTER_SET_CLIENT=@@CHARACTER_SET_CLIENT */;
/*!40101 SET @OLD_CHARACTER_SET_RESULTS=@@CHARACTER_SET_RESULTS */;
/*!40101 SET @OLD_COLLATION_CONNECTION=@@COLLATION_CONNECTION */;
/*!40101 SET NAMES utf8 */;

--
-- 資料庫： `mindweb`
--

-- --------------------------------------------------------

--
-- 資料表結構 `accesscontrol`
--

CREATE TABLE IF NOT EXISTS `accesscontrol` (
  `aclID` int(11) NOT NULL AUTO_INCREMENT,
  `mapid` int(11) NOT NULL,
  `userId` varchar(20) COLLATE utf8mb4_unicode_ci NOT NULL,
  PRIMARY KEY (`aclID`)
) ENGINE=InnoDB  DEFAULT CHARSET=utf8mb4 COLLATE=utf8mb4_unicode_ci AUTO_INCREMENT=2631 ;

--
-- 資料表的匯出資料 `accesscontrol`
--

INSERT INTO `accesscontrol` (`aclID`, `mapid`, `userId`) VALUES
(2493, 216, '100213018'),
(2598, 392, 'JC'),
(2599, 392, '111'),
(2600, 392, 'JC'),
(2601, 392, '100213059'),
(2602, 216, 'JC'),
(2603, 392, '100213018'),
(2604, 398, '777'),
(2605, 399, '333'),
(2607, 400, '111'),
(2608, 399, '111'),
(2611, 403, '777'),
(2612, 399, '777'),
(2613, 399, 'JC'),
(2614, 404, '333'),
(2615, 405, '333'),
(2616, 405, '666'),
(2617, 404, '666'),
(2618, 399, '666'),
(2619, 405, '111'),
(2620, 404, '111'),
(2622, 407, '100213018'),
(2623, 408, '100213018'),
(2624, 409, '100213018'),
(2625, 407, '111'),
(2626, 410, '111'),
(2627, 411, '100213018'),
(2628, 378, '111'),
(2629, 413, 'sos987987'),
(2630, 414, 'sos987987');

-- --------------------------------------------------------

--
-- 資料表結構 `captcha`
--

CREATE TABLE IF NOT EXISTS `captcha` (
  `captchaId` int(11) unsigned NOT NULL AUTO_INCREMENT,
  `captchaFile` varchar(32) NOT NULL,
  `captchaTimestamp` timestamp NOT NULL DEFAULT CURRENT_TIMESTAMP ON UPDATE CURRENT_TIMESTAMP,
  PRIMARY KEY (`captchaId`)
) ENGINE=MyISAM  DEFAULT CHARSET=utf8 AUTO_INCREMENT=2 ;

--
-- 資料表的匯出資料 `captcha`
--

INSERT INTO `captcha` (`captchaId`, `captchaFile`, `captchaTimestamp`) VALUES
(1, 'avyrjy.gif', '2010-05-31 05:25:22');

-- --------------------------------------------------------

--
-- 資料表結構 `chatlog`
--

CREATE TABLE IF NOT EXISTS `chatlog` (
  `dID` int(11) NOT NULL AUTO_INCREMENT,
  `MapID` int(11) NOT NULL,
  `Time` bigint(20) NOT NULL,
  `Poster` varchar(15) CHARACTER SET utf8 COLLATE utf8_unicode_ci NOT NULL,
  `Receiver` varchar(15) CHARACTER SET utf8 COLLATE utf8_unicode_ci DEFAULT NULL,
  `Content` varchar(200) CHARACTER SET utf8 COLLATE utf8_unicode_ci NOT NULL,
  PRIMARY KEY (`dID`)
) ENGINE=InnoDB  DEFAULT CHARSET=latin1 AUTO_INCREMENT=985 ;

--
-- 資料表的匯出資料 `chatlog`
--

INSERT INTO `chatlog` (`dID`, `MapID`, `Time`, `Poster`, `Receiver`, `Content`) VALUES
(14, 39, 1383318377568, '隆哥', 'public', '123'),
(15, 39, 1383318382667, '隆哥', 'public', '321'),
(16, 55, 1383552365593, '徐郁閎', 'public', '有人嗎'),
(17, 60, 1383552407667, '陳亮潔', 'public', '有誰??'),
(19, 58, 1383552426822, '高震鴻', 'public', '余采軒~~'),
(20, 55, 1383552434243, '蕭惠心', 'public', '..'),
(21, 58, 1383552435366, '高震鴻', 'public', 'ㄏㄏ\\'),
(43, 55, 1383552441777, '蕭惠心', 'public', '..'),
(44, 55, 1383552486441, '張友翔', 'public', '混喔'),
(45, 57, 1383552487361, '丁子傑', 'public', 'eysyee'),
(46, 55, 1383552489576, '陳怡禎', 'public', '叮咚叮咚~~~'),
(47, 57, 1383552494551, '丁子傑', 'public', 'dwddda'),
(49, 58, 1383552501095, '高震鴻', 'public', 'ㄅㄅㄅ'),
(55, 57, 1383552504030, '丁子傑', 'public', 'ㄎㄎ'),
(56, 60, 1383552512185, '白羽丞', 'public', '一樣'),
(57, 55, 1383552512466, '張友翔', 'public', '混喔'),
(61, 60, 1383552513616, '施宗佑', 'public', '有人在嗎'),
(63, 55, 1383552523567, '陳怡禎', 'public', '叮咚叮咚~~'),
(64, 54, 1383552526125, '黃姍', 'public', 'ㄟ'),
(66, 60, 1383552539394, '白羽丞', 'public', '一樣ㄅ!!!'),
(70, 57, 1383552543469, '林筱筠', 'public', '在嗎?'),
(71, 60, 1383552556154, '施宗佑', 'public', '哈囉哈...........'),
(73, 60, 1383552568057, '施宗佑', 'public', '...'),
(74, 60, 1383552597990, '白羽丞', 'public', '還有靖萱姐'),
(75, 58, 1383552612440, '高震鴻', 'public', 'LORY'),
(76, 54, 1383552612573, '張友翔', 'public', '混'),
(77, 55, 1383552619323, '徐郁閎', 'public', '張友祥進錯=='),
(105, 60, 1383552629446, '陳亮潔', 'public', '母雞正常18週齡始可以產蛋'),
(131, 55, 1383552636473, '蕭惠心', 'public', '哈哈..或許吧'),
(132, 55, 1383552638032, '陳怡禎', 'public', '張友翔你來幹嘛??'),
(133, 54, 1383552638323, '黃姍', 'public', 'ㄟ'),
(134, 58, 1383552643308, '余釆軒', 'public', '自缺喔!!!!!!!!!!!!!!!!!~~~~~~~~~~~~~'),
(135, 57, 1383552651806, '林筱筠', 'public', '??????'),
(136, 57, 1383552663444, '林筱筠', 'public', '???'),
(137, 60, 1383552665293, '陳亮潔', 'public', '剛剛都看不到'),
(138, 58, 1383552666118, '余釆軒', 'public', '會有記錄ㄟ'),
(139, 60, 1383552667523, '施宗佑', 'public', '.................................................'),
(141, 54, 1383552668053, '張友翔', 'public', '混混'),
(142, 54, 1383552675451, '張友翔', 'public', '混混'),
(143, 57, 1383553195383, '林筱筠', 'public', '所以?'),
(144, 57, 1383553198876, '劉瑋琪', 'public', '所以'),
(145, 54, 1383553200010, '張友翔', 'public', '混混混混混混混混混混混混混混混混混混混混混混混混混混混混混混混混混混混混混混混混混混混混混混混混混混混混混混混混混混混混'),
(153, 57, 1383553219341, '林筱筠', 'public', '所以?'),
(154, 54, 1383553227409, '黃姍', 'public', 'ㄟㄟㄟㄟㄟㄟㄟ'),
(155, 60, 1383553244048, '白羽丞', 'public', '叮咚~'),
(156, 54, 1383553246517, '張友翔', 'public', '混混混混混混混混混混混混混混混混混混混混混混混混混混混混混混混混混混混混混混混混混混混混混混混混混混混混混混混混混混混混'),
(159, 60, 1383553260667, '張靖萱', 'public', '又'),
(160, 57, 1383553263928, '林筱筠', 'public', '所以?'),
(161, 60, 1383553266086, '張靖萱', 'public', '又'),
(162, 60, 1383553267895, '白羽丞', 'public', '黑呀!!'),
(163, 58, 1383553268940, '黃浚洧', 'public', '哈'),
(164, 60, 1383553272849, '張靖萱', 'public', '又'),
(165, 60, 1383553273998, '施宗佑', 'public', '.....'),
(169, 60, 1383553275290, '張靖萱', 'public', '又'),
(174, 55, 1383553275865, '徐郁閎', 'public', '他來混=='),
(187, 58, 1383553278251, '余釆軒', 'public', '高振鴻你是白癡'),
(205, 57, 1383553280614, '丁子傑', 'public', '烏龜'),
(210, 60, 1383553285030, '張靖萱', 'public', '又'),
(212, 60, 1383553286695, '張靖萱', 'public', '又'),
(213, 55, 1383553307514, '蕭惠心', 'public', '咦._.'),
(214, 60, 1383553313798, '張靖萱', 'public', '..2'),
(215, 55, 1383553318767, '徐郁閎', 'public', '要做什麼'),
(216, 55, 1383553350600, '蕭惠心', 'public', '想吧..'),
(220, 57, 1383553356255, '林筱筠', 'public', '123'),
(221, 60, 1383553362165, '白羽丞', 'public', '蜘蛛和蝴蝶有對稱~'),
(222, 60, 1383553364517, '張靖萱', 'public', '先用動物?'),
(223, 55, 1383553374088, '陳怡禎', 'public', '徐郁閎快點!!!!!!!!!!!!!!!!!!!!!!!!!!!!!!!!!!'),
(224, 55, 1383553376603, '徐郁閎', 'public', '到底要做甚麼阿'),
(225, 55, 1383553404314, '陳怡禎', 'public', '去找阿'),
(226, 57, 1383553407908, '丁子傑', 'public', '可嗎?'),
(227, 55, 1383553419716, '徐郁閎', 'public', '我頭腦容量有限耶@@'),
(228, 57, 1383553426494, '林筱筠', 'public', '我們要一起查烏龜嗎?'),
(255, 57, 1383553437791, '林筱筠', 'public', '還是要分工?'),
(256, 57, 1383553443905, '丁子傑', 'public', '甚麼123'),
(257, 55, 1383553446729, '蕭惠心', 'public', '= =+'),
(258, 60, 1383553453486, '陳亮潔', 'public', '恩恩'),
(259, 60, 1383553461852, '陳亮潔', 'public', '看不到~~~'),
(260, 57, 1383553480507, '林筱筠', 'public', '那個是老師剛剛在式打啦 因為電腦怪怪的'),
(261, 57, 1383553496426, '丁子傑', 'public', '貓咪紋路'),
(299, 57, 1383553505055, '丁子傑', 'public', '可媽'),
(322, 57, 1383553524274, '林筱筠', 'public', '所以要一起查還是分工?'),
(323, 57, 1383553525610, '劉瑋琪', 'public', '然後.....??'),
(324, 57, 1383553543756, '劉瑋琪', 'public', '然後'),
(325, 57, 1383553546330, '林筱筠', 'public', '所以?'),
(326, 57, 1383553552420, '劉瑋琪', 'public', '1'),
(327, 60, 1383553554908, '白羽丞', 'public', '我們規律性'),
(328, 55, 1383553562364, '徐郁閎', 'public', '作蜘蛛結網??'),
(329, 55, 1383553578281, '蕭惠心', 'public', '隨你'),
(330, 57, 1383553586517, '林筱筠', 'public', '先把要查的動物節點'),
(331, 57, 1383553593828, '丁子傑', 'public', '少樺呢'),
(332, 60, 1383553596468, '施宗佑', 'public', '我的有史會當機'),
(333, 57, 1383553622844, '丁子傑', 'public', '?'),
(334, 57, 1383553637924, '丁子傑', 'public', '所以??'),
(335, 57, 1383553641496, '林筱筠', 'public', '不知道ㄝ'),
(336, 57, 1383553659357, '劉瑋琪', 'public', '所以是貓還是烏龜'),
(337, 55, 1383553665651, '徐郁閎', 'public', '10號在混??'),
(338, 57, 1383553672380, '丁子傑', 'public', '人腦呢'),
(356, 57, 1383553689069, '林筱筠', 'public', '都要好了'),
(357, 54, 1383553689893, '石靖童', 'public', '為何有.................'),
(358, 57, 1383553701574, '林筱筠', 'public', '我們女生查貓 男生茶烏龜'),
(359, 57, 1383553724979, '林筱筠', 'public', '這樣OK?'),
(360, 57, 1383553766574, '丁子傑', 'public', '恩訥腦袋呢'),
(361, 60, 1383553766760, '施宗佑', 'public', '要做啥'),
(362, 58, 1383553779622, '黃浚洧', 'public', '= = '),
(363, 58, 1383553788450, '黃浚洧', 'public', '= = '),
(364, 60, 1383553814028, '陳亮潔', 'public', '我找到這種方面的  應該可以吧'),
(365, 55, 1383553857284, '蕭惠心', 'public', '= ='''''''''),
(366, 60, 1383553908334, '白羽丞', 'public', '摁摁'),
(367, 57, 1383553909438, '林筱筠', 'public', '蛤? 你在說甚麼ˊ?'),
(368, 54, 1383553921200, '張友翔', 'public', '?'),
(369, 55, 1383553988867, '徐郁閎', 'public', '.'),
(370, 55, 1383553990878, '徐郁閎', 'public', '.'),
(371, 55, 1383553991366, '徐郁閎', 'public', '.'),
(372, 55, 1383553991731, '徐郁閎', 'public', '.'),
(373, 55, 1383553991979, '徐郁閎', 'public', '.'),
(374, 55, 1383553992227, '徐郁閎', 'public', '.'),
(375, 55, 1383553992476, '徐郁閎', 'public', '.'),
(376, 55, 1383553992697, '徐郁閎', 'public', '.'),
(377, 57, 1383554004917, '丁子傑', 'public', '??'),
(378, 54, 1383554068039, '黃姍', 'public', '傷心ㄉ人別聽慢歌這哪招'),
(379, 55, 1383554082471, '徐郁閎', 'public', '到底我們進度很慢耶'),
(380, 57, 1383554098322, '林筱筠', 'public', '我和15查貓'),
(381, 55, 1383554128405, '蕭惠心', 'public', '你想吧..我精神支持'),
(382, 57, 1383554295037, '林筱筠', 'public', '誰用桃花水母?'),
(383, 55, 1383554309189, '陳怡禎', 'public', '想不到～～～～～～～～～～～～～～～～～～～～～～～～～～～～～～～～～～～～～～～～～～～～～～～～～～～～～～～～～'),
(384, 57, 1383554340189, '林筱筠', 'public', '15你要跟我一起查貓啦'),
(385, 55, 1383554351774, '徐郁閎', 'public', '==隨便打可以啦0 0 '),
(386, 55, 1383554366041, '陳怡禎', 'public', '好難喔～～～～～～～～～～～～～～～～～～～～～～～～～～～～～～～～～～～～～～～～～～～～～～～～～～～～～～～～～'),
(387, 55, 1383554386689, '徐郁閎', 'public', '=='),
(388, 58, 1383554401178, '余釆軒', 'public', '水母'),
(389, 55, 1383554405219, '徐郁閎', 'public', '都可以只要有東西就好'),
(390, 55, 1383554406399, '蕭惠心', 'public', '= =..找不到欸..'),
(391, 55, 1383554410353, '陳怡禎', 'public', '～～～～～～～～～～～～～～～～～～～～～～～～～～～～～～～～～～～～～～～～～～～～～～～～～～～～～～～～～～～～'),
(392, 55, 1383554454671, '蕭惠心', 'public', '~~~~~~~~~~~~~~~~~~~~~~~~~~~~~~~~'),
(393, 54, 1383554454873, '石靖童', 'public', '好多喔~~不能精簡一點嗎'),
(394, 58, 1383554466721, '黃浚洧', 'public', '海星'),
(395, 58, 1383554476438, '黃浚洧', 'public', '海星'),
(400, 54, 1383554497907, '石靖童', 'public', '不能精簡一點ㄇ?'),
(409, 55, 1383554561876, '徐郁閎', 'public', '你們怎都沒做++'),
(410, 57, 1383554586808, '劉瑋琪', 'public', '要不要輻射對稱一類'),
(411, 60, 1383554606562, '陳亮潔', 'public', '寶寶打嗝??'),
(412, 58, 1383554643911, '黃浚洧', 'public', '混'),
(413, 60, 1383554658957, '陳亮潔', 'public', '誰查的??'),
(415, 1, 1383740906533, '賴俊佑', 'public', 'test'),
(416, 1, 1383740915474, '賴俊佑', 'public', 'gdfgsdfgsdfg'),
(417, 29, 1383741042685, '賴俊佑', 'public', 'hi'),
(418, 29, 1383741087087, '賴俊佑', 'public', '有人在嘛'),
(419, 29, 1383742304984, '陳建宏', 'public', 'test'),
(420, 29, 1383742377053, '陳建宏', 'public', 'public chat'),
(421, 29, 1383747064978, '陳建宏', 'public', 'ok'),
(422, 29, 1383747246746, '賴俊佑', 'public', 'test'),
(423, 29, 1383747549134, '賴俊佑', 'public', '123'),
(424, 39, 1383897523938, '隆哥', 'public', '544445444'),
(425, 39, 1383897529042, '隆哥', 'public', '12114544'),
(426, 39, 1383897538733, '隆哥', 'public', '344344434431131333333333333333333333333333333'),
(427, 57, 1384913464215, '劉瑋琪', 'public', 'so..........'),
(428, 55, 1384913500391, '蕭惠心', 'public', '哦....'),
(429, 55, 1384913508339, '蕭惠心', 'public', '要做啥???'),
(430, 57, 1384913514066, '林筱筠', 'public', '所以?'),
(431, 58, 1384913524857, '高震鴻', 'public', '哈 採妹`'),
(432, 57, 1384913619131, '林筱筠', 'public', '加油啦  '),
(433, 60, 1384913639071, '白羽丞', 'public', '哈嚕'),
(434, 57, 1384913662200, '丁子傑', 'public', '女生作什麼?'),
(435, 60, 1384913666309, '白羽丞', 'public', '有人嗎'),
(436, 60, 1384913671613, '陳亮潔', 'public', '上面還扯不到數學'),
(437, 57, 1384913673670, '李少樺', 'public', '`'),
(438, 60, 1384913680214, '施宗佑', 'public', '有啦'),
(439, 60, 1384913694072, '施宗佑', 'public', '只是我不知道'),
(440, 55, 1384913702517, '陳怡禎', 'public', '叮咚叮咚~~~~~'),
(441, 60, 1384913704272, '陳亮潔', 'public', '恩恩'),
(442, 57, 1384913705083, '李少樺', 'public', '`我'),
(443, 57, 1384913708947, '李少樺', 'public', '要'),
(444, 57, 1384913711454, '李少樺', 'public', '幹'),
(445, 60, 1384913711951, '陳亮潔', 'public', '所以怎麼辦?'),
(446, 57, 1384913714533, '李少樺', 'public', '麻/'),
(447, 57, 1384913714657, '林筱筠', 'public', '就是烏龜和貓'),
(448, 54, 1384913715143, '張友翔', 'public', '好無聊'),
(449, 60, 1384913721386, '施宗佑', 'public', '我都看不懂'),
(450, 54, 1384913724886, '張友翔', 'public', '超無聊'),
(451, 55, 1384913725243, '陳怡禎', 'public', '徐郁閎不要再混'),
(452, 57, 1384913726227, '林筱筠', 'public', '你幫忙查'),
(453, 54, 1384913729591, '張友翔', 'public', '吃烏龜'),
(454, 57, 1384913735237, '林筱筠', 'public', '草履蟲   19號'),
(455, 55, 1384913740131, '陳怡禎', 'public', '我都看的到!!!!'),
(456, 57, 1384913746757, '林筱筠', 'public', '牛樟芝   17號'),
(457, 57, 1384913749348, '林筱筠', 'public', 'okok?'),
(458, 55, 1384913759959, '蕭惠心', 'public', '他說做蜘蛛結網'),
(459, 54, 1384913763781, '張友翔', 'public', '什麼是極座標'),
(460, 57, 1384913763877, '林筱筠', 'public', '我查烏龜'),
(461, 57, 1384913769618, '林筱筠', 'public', '貓  15號'),
(462, 60, 1384913775679, '白羽丞', 'public', '靖萱姐'),
(463, 60, 1384913776843, '張靖萱', 'public', '?'),
(464, 56, 1384913786307, '李哲樂', 'public', '同时把粒子与反粒子互变（C）、左与右互变（P）、过去与未来互变（T），自然界又是对称的。是數學嗎?'),
(465, 60, 1384913805449, '白羽丞', 'public', '還有甚麼要用'),
(466, 60, 1384913814432, '張靖萱', 'public', '查看看'),
(467, 57, 1384913814442, '劉瑋琪', 'public', '恩恩恩恩恩恩恩恩恩＿.....'),
(468, 60, 1384913840679, '施宗佑', 'public', '高震鴻 '),
(469, 57, 1384913848513, '林筱筠', 'public', '好得'''),
(470, 54, 1384913867115, '張友翔', 'public', '無聊～～～～～～～～～～～～～～～～～～～～‵‵～～‵‵‵‵‵‵‵～'),
(471, 60, 1384913885872, '白羽丞', 'public', '幹麻較高震鴻'),
(472, 60, 1384913924509, '陳亮潔', 'public', '好像還沒扯上關西耶'),
(473, 58, 1384913940947, '余釆軒', 'public', '高媽媽'),
(474, 60, 1384913942215, '陳亮潔', 'public', '沒有類似的生產期嗎?'),
(475, 58, 1384913960611, '余釆軒', 'public', '你欠揍喔'),
(476, 58, 1384913983452, '高震鴻', 'public', '西西  xd'),
(477, 55, 1384914003852, '徐郁閎', 'public', '混?!'),
(478, 56, 1384914025906, '黃軒豪', 'public', '請用國語'),
(479, 55, 1384914034759, '徐郁閎', 'public', '我有做了你們趕快找八蜘蛛的'),
(480, 55, 1384914056047, '蕭惠心', 'public', '八蜘蛛?'),
(481, 56, 1384914071941, '黃軒豪', 'public', '不要用大陸語'),
(482, 60, 1384914108424, '陳亮潔', 'public', '還是先往外型方面?'),
(483, 54, 1384914110172, '黃姍', 'public', '張友翔~~查有關規律ㄉ啦'),
(484, 57, 1384914117661, '丁子傑', 'public', '我不要牛樟資'),
(485, 57, 1384914124709, '林筱筠', 'public', '不然?'),
(486, 57, 1384914141304, '林筱筠', 'public', '快點分工  不然做不完啦'),
(487, 60, 1384914145934, '張靖萱', 'public', '要查什...'),
(488, 60, 1384914146099, '張靖萱', 'public', ''),
(489, 57, 1384914153617, '林筱筠', 'public', '你察變形蟲'),
(490, 60, 1384914155318, '施宗佑', 'public', '要找甚麼題目'),
(491, 57, 1384914156307, '丁子傑', 'public', '變形蟲'),
(492, 57, 1384914162672, '林筱筠', 'public', '好'),
(493, 57, 1384914180222, '劉瑋琪', 'public', '察不到ㄇ　ㄠ'),
(494, 57, 1384914189965, '林筱筠', 'public', '我也是'),
(495, 57, 1384914202564, '林筱筠', 'public', '怎辦?  繼續查拔   烏龜超難找的'''),
(496, 60, 1384914231594, '施宗佑', 'public', '哈囉回我一下嗎'),
(497, 58, 1384914234143, '黃浚洧', 'public', '哈比人你怎麼那嚜混'),
(498, 60, 1384914253261, '陳亮潔', 'public', '動物'),
(499, 54, 1384914278423, '張友翔', 'public', '規律的英文是ｒｅｇｕｌａｒ'),
(500, 60, 1384914286955, '張靖萱', 'public', '很少關數學的~~~~~'),
(501, 55, 1384914328572, '徐郁閎', 'public', '你們找蜘蛛阿'),
(502, 60, 1384914332193, '陳亮潔', 'public', '當然'),
(503, 60, 1384914335438, '陳亮潔', 'public', '努力中'),
(504, 60, 1384914342393, '陳亮潔', 'public', '我找到燈塔水母'),
(505, 60, 1384914355246, '陳亮潔', 'public', '有十字型'),
(506, 57, 1384914482064, '丁子傑', 'public', '找不到=='),
(507, 55, 1384914512062, '陳怡禎', 'public', '要怎麼找?？'),
(508, 55, 1384914529097, '陳怡禎', 'public', '去哪裡找？?'),
(509, 57, 1384914536984, '林筱筠', 'public', '這個可以複製嗎'),
(510, 57, 1384914547557, '林筱筠', 'public', '網路上的資料怎麼複製到這裡?'),
(511, 55, 1384914556229, '蕭惠心', 'public', '抱歉!電腦剛剛又盪掉'),
(512, 55, 1384914612317, '徐郁閎', 'public', '你們好......'),
(513, 55, 1384914625136, '徐郁閎', 'public', '都我在用= ='),
(514, 55, 1384914648268, '蕭惠心', 'public', '我要找了咩..'),
(515, 60, 1384914659805, '張靖萱', 'public', '找不到ˊˋ'),
(516, 55, 1384914720078, '陳怡禎', 'public', '因為找不到阿'),
(517, 60, 1384914754132, '白羽丞', 'public', '還有啥'),
(518, 57, 1384914756267, '丁子傑', 'public', '不行=='),
(519, 57, 1384914766583, '丁子傑', 'public', '=  ='),
(520, 55, 1384914800031, '徐郁閎', 'public', '= ='),
(521, 60, 1384914827224, '陳亮潔', 'public', '我也找不到十字的'),
(522, 55, 1384914844904, '蕭惠心', 'public', '變形蟲要找的是啥?????'),
(523, 55, 1384914852086, '徐郁閎', 'public', '你們找蝸牛數學把內容用上去要精簡'),
(524, 57, 1384914880838, '林筱筠', 'public', '.4.4'),
(525, 57, 1384914881055, '林筱筠', 'public', ''),
(526, 57, 1384914889939, '林筱筠', 'public', '噢噢  了解喔'),
(527, 55, 1384914949077, '徐郁閎', 'public', '你們用喔'),
(528, 55, 1384914952507, '蕭惠心', 'public', '找不到= =+""'),
(529, 57, 1384915007908, '林筱筠', 'public', '加油加油~'),
(530, 57, 1384915013252, '林筱筠', 'public', '我查到很多了~'),
(531, 56, 1384915158709, '黃軒豪', 'public', '分別對應著伽利略群，洛倫茲群和U(1)群。對稱群為連續群和分立群的情形分別被稱為連續對稱性（continuous sym'),
(532, 55, 1384915201342, '徐郁閎', 'public', '你們自己用了喔'),
(533, 58, 1384915223392, '黃浚洧', 'public', '老虎'),
(534, 58, 1384915239563, '黃浚洧', 'public', '條紋'),
(535, 55, 1384915287174, '蕭惠心', 'public', '我的打不出來字'),
(536, 55, 1384915381185, '蕭惠心', 'public', '老師教我回去補自己的部份ˊˇˋ'),
(537, 58, 1384915461498, '高震鴻', 'public', '哈ㄏㄏ哈哈哈哈哈哈哈哈哈哈哈ㄏ哈哈哈哈哈哈哈哈哈哈ㄏ哈哈哈哈哈哈ㄏ哈ㄏ哈哈ㄏ哈哈哈哈哈哈ㄏ阿哈哈哈哈哈哈哈哈哈哈哈哈哈阿'),
(538, 56, 1384915482306, '李哲樂', 'public', 'what is that?'),
(539, 60, 1384915554565, '白羽丞', 'public', '還有ㄇ'),
(540, 57, 1384915554709, '丁子傑', 'public', '找不到'),
(541, 60, 1384915563773, '陳亮潔', 'public', '怎麼辦'),
(542, 57, 1384915564882, '丁子傑', 'public', '放棄'),
(543, 57, 1384915589924, '劉瑋琪', 'public', '我也要放棄了'),
(544, 57, 1384915650483, '林筱筠', 'public', '不要啦'),
(545, 57, 1384915650616, '林筱筠', 'public', ''),
(546, 57, 1384915652622, '林筱筠', 'public', '加油啦'),
(547, 57, 1384915655835, '林筱筠', 'public', '快點查'),
(548, 57, 1384915663161, '林筱筠', 'public', '不然分數會很低'),
(549, 57, 1384915730388, '林筱筠', 'public', '阿~~我的天阿~  怎麼是我弄烏龜而已!!'),
(550, 74, 1385367533646, '張靖萱', 'public', '啦啦啦啦啦啦'),
(551, 72, 1385367564162, '林筱筠', 'public', '大家先在這裡討論  否則我們不知道怎麼分配  可以嗎?'),
(552, 74, 1385367598619, '陳亮潔', 'public', '虎尾蘭'),
(553, 74, 1385367598858, '陳亮潔', 'public', ''),
(554, 74, 1385367600228, '陳亮潔', 'public', 'https://www.google.com.tw/search?q=虎尾蘭&rlz=1C2GPCK_enTW418&t'),
(555, 74, 1385367612913, '白羽丞', 'public', 'Hi Hi Hi'),
(556, 73, 1385367617431, '高震鴻', 'public', '哈哈哈'),
(557, 70, 1385367620600, '徐郁閎', 'public', '嗨!'),
(558, 73, 1385367620747, '高震鴻', 'public', '哈哈哈哈哈哈哈哈'),
(559, 69, 1385367624953, '張友翔', 'public', '有人在媽'),
(560, 70, 1385367629104, '蕭惠心', 'public', '黑:)'),
(561, 72, 1385367638695, '林筱筠', 'public', '在嗎？'),
(562, 74, 1385367643981, '白羽丞', 'public', '不能複製呀！！'),
(563, 69, 1385367647901, '張友翔', 'public', '誰要買房子'),
(564, 72, 1385367669015, '劉瑋琪', 'public', '在阿...'),
(565, 72, 1385367681428, '林筱筠', 'public', '先分配誰要查甚麼'),
(566, 74, 1385367686677, '張靖萱', 'public', '對阿'),
(567, 74, 1385367701548, '陳亮潔', 'public', '臭花'),
(568, 74, 1385367705049, '陳亮潔', 'public', 'https://www.google.com.tw/search?rlz=1C2GPCK_enTW418&biw=144'),
(569, 73, 1385367709074, '黃浚洧', 'public', '你是不是太混惹><'),
(570, 74, 1385367709655, '陳亮潔', 'public', '可以'),
(571, 74, 1385367709797, '陳亮潔', 'public', ''),
(572, 74, 1385367729992, '張靖萱', 'public', '鍵盤也不行'),
(573, 74, 1385367802894, '施宗佑', 'public', '你們太弱了'),
(574, 73, 1385367803799, '高震鴻', 'public', '浚洧之亂~~ˋˇˊ'),
(575, 72, 1385367808857, '劉瑋琪', 'public', '恩恩'),
(576, 74, 1385367832446, '陳亮潔', 'public', '52F20101231%252F2419558_214904098138_2.jpg%3Bhttp%253A%252F%'),
(577, 74, 1385367835518, '施宗佑', 'public', 'http://systemdynamics.tw:8080/conference'),
(578, 74, 1385367835680, '施宗佑', 'public', ''),
(579, 72, 1385367841810, '林筱筠', 'public', '所以 '),
(580, 72, 1385367841935, '林筱筠', 'public', ''),
(581, 74, 1385367847017, '施宗佑', 'public', '超搶'),
(582, 74, 1385367852379, '陳亮潔', 'public', '可以阿'),
(583, 70, 1385367860502, '蕭惠心', 'public', '徐郁閎怎找?'),
(584, 74, 1385367864618, '施宗佑', 'public', '他們太弱了'),
(585, 74, 1385367901714, '白羽丞', 'public', '不行啦！！　　你們就直接用～'),
(586, 72, 1385367907657, '李少樺', 'public', '~'),
(587, 72, 1385367908554, '李少樺', 'public', '~'),
(588, 72, 1385367920809, '林筱筠', 'public', '19  你快點'),
(589, 72, 1385367931024, '李少樺', 'public', '要做啥= ='),
(590, 73, 1385367932444, '黃浚洧', 'public', 'FU'),
(591, 72, 1385367932964, '李少樺', 'public', '""'),
(592, 72, 1385367953878, '林筱筠', 'public', '我查線對稱   你茶球狀對稱好了 '),
(593, 73, 1385367961065, '黃浚洧', 'public', '我找花'),
(594, 72, 1385367966656, '林筱筠', 'public', '15查輻射對稱'),
(595, 72, 1385367968355, '林筱筠', 'public', 'ok?'),
(596, 72, 1385367968841, '林筱筠', 'public', ''),
(597, 70, 1385367970042, '徐郁閎', 'public', '誰要做哪'),
(598, 73, 1385367978008, '余釆軒', 'public', '你們兩個是怎樣'),
(599, 72, 1385367987077, '丁子傑', 'public', '要做啥??'),
(600, 74, 1385367998150, '陳亮潔', 'public', '油菜花'),
(601, 74, 1385367999907, '陳亮潔', 'public', 'https://www.google.com.tw/search?rlz=1C2GPCK_enTW418&biw=144'),
(602, 73, 1385368007085, '余釆軒', 'public', '高嬤嬤你找什'),
(603, 74, 1385368007956, '陳亮潔', 'public', '可以'),
(604, 73, 1385368013683, '高震鴻', 'public', '我找我阿罵~'),
(605, 70, 1385368024165, '徐郁閎', 'public', '我作葉 10作花 16作莖'),
(606, 70, 1385368025008, '徐郁閎', 'public', ''),
(607, 72, 1385368025111, '林筱筠', 'public', '你看你  '),
(608, 69, 1385368042091, '黃姍', 'public', '跟你很熟嗎'),
(609, 72, 1385368045031, '林筱筠', 'public', '現在才出來'),
(610, 74, 1385368053771, '陳亮潔', 'public', '你先把網址框起來  然後CTRL+C是複製'),
(611, 70, 1385368058663, '蕭惠心', 'public', '10號哩?'),
(612, 70, 1385368184133, '徐郁閎', 'public', '10號做花阿'),
(613, 73, 1385368190942, '余釆軒', 'public', '你白癡喔'),
(614, 73, 1385368202024, '余釆軒', 'public', '高媽媽'),
(615, 70, 1385368213525, '蕭惠心', 'public', '不是啦..我是說怎沒回覆..= =+'),
(616, 74, 1385368230876, '施宗佑', 'public', 'http://big5.soundofhope.org/node/247108'),
(617, 72, 1385368251676, '丁子傑', 'public', '要做啥??'),
(618, 72, 1385368351419, '丁子傑', 'public', 'ㄟㄟ'),
(619, 72, 1385368356905, '丁子傑', 'public', 'ㄟ '),
(620, 70, 1385368421006, '田珮瑄', 'public', '阿我哩~~怎麼沒ˇ我'),
(621, 72, 1385368437259, '林筱筠', 'public', '佑我在這裡'),
(622, 72, 1385368441050, '林筱筠', 'public', '安怎?'),
(623, 72, 1385368455550, '丁子傑', 'public', '要做啥'),
(624, 72, 1385368462447, '林筱筠', 'public', '我哪有不削你  奇怪 =='),
(625, 72, 1385368477680, '丁子傑', 'public', '快'),
(626, 72, 1385368481030, '林筱筠', 'public', '你查平行脈和網狀脈'),
(627, 72, 1385368488947, '丁子傑', 'public', '恩'),
(628, 74, 1385368492126, '張靖萱', 'public', '用了阿'),
(629, 72, 1385368499728, '林筱筠', 'public', '摁摁\\'),
(630, 73, 1385368513407, '黃浚洧', 'public', '你阿罵?????????????????????????????'),
(631, 70, 1385368536200, '徐郁閎', 'public', '我都忘了耶=='),
(632, 70, 1385368551341, '田珮瑄', 'public', '你不錯~~'),
(633, 70, 1385368551517, '田珮瑄', 'public', ''),
(634, 70, 1385368557440, '徐郁閎', 'public', '那你看有神麼就用上去'),
(635, 73, 1385368561273, '余釆軒', 'public', '哈哈哈哈  哈'),
(636, 70, 1385368566362, '田珮瑄', 'public', '恩恩'),
(637, 74, 1385368569139, '白羽丞', 'public', '但就是不行~ 就是不行'),
(638, 73, 1385368624207, '黃浚洧', 'public', '哈比人混'),
(639, 74, 1385368655583, '施宗佑', 'public', 'http://amuseum.cdstm.cn/AMuseum/math/6/608/6_608_1006.htm'),
(640, 73, 1385368661071, '黃浚洧', 'public', '混'),
(641, 73, 1385368674062, '黃浚洧', 'public', '混'),
(642, 73, 1385368696116, '黃浚洧', 'public', '混混混混混'),
(643, 73, 1385368696278, '黃浚洧', 'public', ''),
(644, 74, 1385368698228, '施宗佑', 'public', 'http://faculty.ndhu.edu.tw/~chchang/homework/general/90/soci'),
(645, 73, 1385368700413, '黃浚洧', 'public', '...'),
(646, 70, 1385368897071, '蕭惠心', 'public', '徐先生'),
(647, 74, 1385368947596, '陳亮潔', 'public', 'WOW'),
(648, 74, 1385368950994, '陳亮潔', 'public', 'WOW'),
(649, 74, 1385368955989, '陳亮潔', 'public', 'WOW'),
(650, 72, 1385368972012, '李少樺', 'public', 'ggwp'),
(651, 74, 1385369006871, '張靖萱', 'public', '~~~~~~~~~~~~~~~~~~~~~~~~``'),
(652, 72, 1385369007769, '林筱筠', 'public', '?????'),
(653, 72, 1385369007892, '林筱筠', 'public', ''),
(654, 74, 1385369010476, '張靖萱', 'public', '88888888888'),
(655, 74, 1385369010769, '張靖萱', 'public', ''),
(656, 74, 1385369011718, '張靖萱', 'public', '88888'),
(657, 74, 1385369011975, '張靖萱', 'public', '8'),
(658, 74, 1385369012222, '張靖萱', 'public', '8'),
(659, 74, 1385369012474, '張靖萱', 'public', '8'),
(660, 74, 1385369012713, '張靖萱', 'public', '8'),
(661, 74, 1385369013006, '張靖萱', 'public', '8'),
(662, 74, 1385369013217, '張靖萱', 'public', '8'),
(663, 74, 1385369013473, '張靖萱', 'public', '8'),
(664, 74, 1385369013720, '張靖萱', 'public', '8'),
(665, 74, 1385369013972, '張靖萱', 'public', '8'),
(666, 70, 1385369017357, '徐郁閎', 'public', '甚??'),
(667, 70, 1385971682700, '蕭惠心', 'public', '咦._.'),
(668, 74, 1385971703143, '張靖萱', 'public', ''),
(669, 74, 1385971704289, '張靖萱', 'public', '~~'),
(670, 72, 1385971735962, '林筱筠', 'public', '好了沒啊?'),
(671, 74, 1385971769936, '陳亮潔', 'public', '聽說我們退步了'),
(672, 74, 1385971814871, '施宗佑', 'public', '哈哈哈哈哈哈哈哈'),
(673, 74, 1385971824134, '施宗佑', 'public', '退步'),
(674, 74, 1385971824341, '施宗佑', 'public', ''),
(675, 72, 1385971970228, '劉瑋琪', 'public', '不知道....'),
(676, 69, 1385972159167, '黃姍', 'public', '哇哈哈'),
(677, 69, 1385972159288, '黃姍', 'public', ''),
(678, 74, 1385972391204, '陳亮潔', 'public', '西瓜是圓形的'),
(679, 70, 1385972500237, '田珮瑄', 'public', '季節的規律性?'),
(680, 70, 1385972529165, '徐郁閎', 'public', '你用那個不是數學八'),
(681, 70, 1385972529817, '田珮瑄', 'public', '就是植物生長的季節'),
(682, 70, 1385972564146, '徐郁閎', 'public', '那個是生物耶還減數分裂'),
(683, 70, 1385972638521, '蕭惠心', 'public', '而且季節根植物有關嗎??'),
(684, 70, 1385972644543, '田珮瑄', 'public', '阿知~~'),
(685, 69, 1385972741871, '張友翔', 'public', '對不起'),
(686, 70, 1385972742775, '田珮瑄', 'public', '桃花心木呢?'),
(687, 70, 1385972775458, '蕭惠心', 'public', '問徐老師!'),
(688, 70, 1385972806644, '田珮瑄', 'public', '蜜錐花序'),
(689, 69, 1385972809594, '張友翔', 'public', '.................該'),
(690, 70, 1385972818810, '田珮瑄', 'public', '密'),
(691, 70, 1385972818928, '田珮瑄', 'public', ''),
(692, 74, 1385972857377, '陳亮潔', 'public', '海棠花不是兩片花瓣壓'),
(693, 70, 1385972857584, '蕭惠心', 'public', '田:枝幹啦..'),
(694, 70, 1385972898207, '田珮瑄', 'public', '桃花心木也是爆裂的'),
(695, 70, 1385972898835, '田珮瑄', 'public', '?'),
(696, 70, 1385972898958, '田珮瑄', 'public', ''),
(697, 70, 1385972918145, '田珮瑄', 'public', '他有花'),
(698, 74, 1385972936488, '白羽丞', 'public', '是嗎??'),
(699, 74, 1385972943541, '白羽丞', 'public', '要不是??'),
(700, 74, 1385972953632, '張靖萱', 'public', '蓮花呢'),
(701, 73, 1385972978177, '高震鴻', 'public', '向日葵的種子才是 斐波納契數列'),
(702, 70, 1385973023831, '徐郁閎', 'public', '可以八'),
(703, 70, 1385973091341, '蕭惠心', 'public', '隨便田珮瑄搂'),
(704, 74, 1385973291122, '白羽丞', 'public', '哈嚕~~~~~'),
(705, 74, 1385973323386, '張靖萱', 'public', '??'),
(706, 70, 1385973396019, '徐郁閎', 'public', '減數分裂是生物不是數學喔'),
(707, 70, 1385973407175, '田珮瑄', 'public', '喔'),
(708, 74, 1385973409753, '陳亮潔', 'public', '我查圖片有很多花瓣說'),
(709, 70, 1385973439707, '徐郁閎', 'public', 'http://159.226.2.2:82/gate/big5/mtw.kepu.net.cn/gb/basic/szs'),
(710, 70, 1385973444391, '徐郁閎', 'public', '去看'),
(711, 70, 1385973449036, '徐郁閎', 'public', '用上來'),
(712, 69, 1385973554018, '張友翔', 'public', '沒有黃金述這三個字阿?'),
(713, 70, 1385973635463, '徐郁閎', 'public', '色體也是生物阿'),
(714, 69, 1385973705091, '張友翔', 'public', '恩'),
(715, 70, 1385973705122, '蕭惠心', 'public', '不然就找不到ㄌ'),
(716, 73, 1385973706587, '黃浚洧', 'public', '他也是花的啊'),
(717, 73, 1385973706708, '黃浚洧', 'public', ''),
(718, 70, 1385973755487, '徐郁閎', 'public', '有1了就不要用'),
(719, 70, 1385973773586, '徐郁閎', 'public', '你要找有關數學方面的'),
(720, 74, 1385973793133, '張靖萱', 'public', '8'),
(721, 74, 1385973793606, '張靖萱', 'public', '8'),
(722, 74, 1385973794100, '張靖萱', 'public', '8'),
(723, 74, 1385973794445, '張靖萱', 'public', '8'),
(724, 74, 1385973794765, '張靖萱', 'public', '8'),
(725, 74, 1385973795863, '張靖萱', 'public', '888'),
(726, 73, 1385973813901, '黃浚洧', 'public', '快點...............................................'),
(727, 74, 1385973818130, '陳亮潔', 'public', '我關機瞜'),
(728, 88, 1386123031716, '陳亮潔', 'public', '數列??!!'),
(729, 88, 1386123097258, '施宗佑', 'public', '是啥'),
(730, 88, 1386123109104, '施宗佑', 'public', '我都看不懂'),
(731, 88, 1386123109344, '施宗佑', 'public', ''),
(732, 86, 1386124059513, '丁子傑', 'public', '安安'),
(733, 87, 1386124072851, '余釆軒', 'public', '有人嗎?'),
(734, 84, 1386124075242, '蕭惠心', 'public', '徐郁閎'),
(735, 84, 1386124075393, '蕭惠心', 'public', ''),
(736, 87, 1386124121341, '黃浚洧', 'public', '混'),
(737, 87, 1386124124826, '高震鴻', 'public', '有分一般跟特殊喔??'),
(738, 87, 1386124125002, '高震鴻', 'public', ''),
(739, 87, 1386124141736, '余釆軒', 'public', '恩應該有吧'),
(740, 87, 1386124146757, '高震鴻', 'public', '不要分可以嗎~ 會搞不懂哩`'),
(741, 87, 1386124164164, '余釆軒', 'public', '找看看咯'),
(742, 86, 1386124184411, '林筱筠', 'public', '嗨嗨'),
(743, 86, 1386124208859, '林筱筠', 'public', '我用費氏數列'),
(744, 87, 1386124210676, '高震鴻', 'public', '不要分特殊``'),
(745, 88, 1386124396259, '陳亮潔', 'public', '好多'),
(746, 88, 1386124441525, '白羽丞', 'public', '我用等差`'),
(747, 88, 1386124523102, '陳亮潔', 'public', '怎麼長尾巴??'),
(748, 84, 1386124528046, '徐郁閎', 'public', '不要亂刪啦'),
(749, 88, 1386124540851, '白羽丞', 'public', '哪裡'),
(750, 88, 1386124561587, '陳亮潔', 'public', '剛剛心智圖長尾巴'),
(751, 84, 1386124582887, '蕭惠心', 'public', '我嗎?'),
(752, 88, 1386124591241, '白羽丞', 'public', '= ='''''),
(753, 84, 1386124597697, '蕭惠心', 'public', '我剛剛是不小心用到我自己的部分'),
(754, 84, 1386124632002, '徐郁閎', 'public', '用了就不要刪好嗎'),
(755, 88, 1386124633242, '張靖萱', 'public', '怎麼這樣'),
(756, 88, 1386124636508, '張靖萱', 'public', '可以用掉?'),
(757, 86, 1386124636741, '李少樺', 'public', '費事數列跟斐波那契數列是一樣的東西-.-'),
(758, 84, 1386124714745, '蕭惠心', 'public', '好啦  '),
(759, 88, 1386124788720, '白羽丞', 'public', '好亂喔~'),
(760, 88, 1386124814311, '陳亮潔', 'public', '重新登入就好了'),
(761, 88, 1386124929272, '陳亮潔', 'public', '是用一個接一個的等邊三角形來表現'),
(762, 88, 1386124933175, '陳亮潔', 'public', '我貼一夏'),
(763, 88, 1386124993389, '陳亮潔', 'public', 'Pn=Pn-2+Pn-3'),
(764, 83, 1386125016688, '張友翔', 'public', 'ㄟ'),
(765, 83, 1386125083591, '張友翔', 'public', '費氏數列跟波那契是依樣的'),
(766, 83, 1386125146493, '張友翔', 'public', '你們查遞迴數列一下'),
(767, 85, 1386125228930, '李哲樂', 'public', '東西不見了'),
(768, 86, 1386125303029, '林筱筠', 'public', '我說等差數列是我用的啦'),
(769, 85, 1386220622340, '李哲樂', 'public', 'http://baike.baidu.com/link?url=vy776Hsg0Z5ZHPt0A83X99-qD-6y'),
(770, 88, 1386576327859, '陳亮潔', 'public', '嗨嗨嗨'),
(771, 87, 1386576368963, '余釆軒', 'public', '要啦~~~~~~~~'),
(772, 86, 1386576371683, '林筱筠', 'public', '所以?'),
(773, 88, 1386576380630, '白羽丞', 'public', '嗨嗨~'),
(774, 84, 1386576397744, '徐郁閎', 'public', '用了就不要刪趕快用八'),
(775, 86, 1386576447423, '林筱筠', 'public', '在嗎?'),
(776, 84, 1386576494679, '蕭惠心', 'public', '喔...'),
(777, 84, 1386576494839, '蕭惠心', 'public', ''),
(778, 84, 1386576524185, '田珮瑄', 'public', '為甚麼等差數列有兩個'),
(779, 83, 1386576552735, '張友翔', 'public', '遞迴數列'),
(780, 87, 1386576565982, '高震鴻', 'public', 'ㄟㄟ'),
(781, 84, 1386576586194, '蕭惠心', 'public', '一個是"多階" 是"等差"'),
(782, 87, 1386576606434, '高震鴻', 'public', '費氏數列跟斐波那契數列一樣'),
(783, 84, 1386576666242, '蕭惠心', 'public', '為甚麼有兩個等差??????'),
(784, 83, 1386576750879, '張友翔', 'public', 'ㄜ'),
(785, 83, 1386576757595, '張友翔', 'public', '不知'),
(786, 83, 1386576758107, '張友翔', 'public', ''),
(787, 83, 1386576758141, '張友翔', 'public', ''),
(788, 83, 1386576758632, '張友翔', 'public', ''),
(789, 83, 1386576854126, '張友翔', 'public', '不知'),
(790, 88, 1386576863024, '施宗佑', 'public', '給我一個網址讓我查可一嗎?'),
(791, 83, 1386576954396, '張友翔', 'public', '沒'),
(792, 83, 1386576976726, '張友翔', 'public', '我再找更多數列'),
(793, 88, 1386577019127, '白羽丞', 'public', '還要用甚麼哩???'),
(794, 88, 1386577019289, '白羽丞', 'public', ''),
(795, 87, 1386577133996, '黃浚洧', 'public', '混混'),
(796, 86, 1386577253463, '李少樺', 'public', '-.-'),
(797, 88, 1386577266837, '白羽丞', 'public', '哈囉~~'),
(798, 88, 1386577294961, '白羽丞', 'public', 'everybody~'),
(799, 84, 1386577380946, '田珮瑄', 'public', '有'),
(800, 83, 1386577506478, '張友翔', 'public', 'ㄟ'),
(801, 83, 1386577559207, '張友翔', 'public', '巴都萬和佩蘭 佩蘭僞'),
(802, 83, 1386577559409, '張友翔', 'public', ''),
(803, 83, 1386577567594, '張友翔', 'public', '都是我找的'),
(804, 83, 1386577601103, '張友翔', 'public', '恩'),
(805, 83, 1386577628313, '張友翔', 'public', '你去看專案歷程'),
(806, 87, 1386577642211, '余釆軒', 'public', '恩'),
(807, 88, 1386577651462, '陳亮潔', 'public', '時間數列好複雜......'),
(808, 87, 1386577682668, '余釆軒', 'public', '可不可以找可以連結為相同的'),
(809, 88, 1386577805109, '白羽丞', 'public', '還有啥???'),
(810, 85, 1386577812715, '黃軒豪', 'public', '嗨'),
(811, 88, 1386578076963, '陳亮潔', 'public', '收尾了吧??'),
(812, 88, 1386578077075, '陳亮潔', 'public', ''),
(813, 88, 1386578099128, '張靖萱', 'public', '嗯嗯嗯'),
(814, 86, 1386578141946, '林筱筠', 'public', '確定這就ok了?'),
(815, 86, 1386578163903, '劉瑋琪', 'public', '不知道'),
(816, 86, 1386578188230, '丁子傑', 'public', '嗯嗯嗯嗯嗯嗯嗯嗯嗯嗯嗯嗯嗯嗯嗯'),
(817, 86, 1386578208135, '丁子傑', 'public', '又想不出來'),
(818, 88, 1386578221268, '白羽丞', 'public', '收尾  收尾巴'),
(819, 88, 1386578221872, '白羽丞', 'public', ''),
(820, 86, 1386578235216, '林筱筠', 'public', '快點'),
(821, 86, 1386578237490, '林筱筠', 'public', '加油啦'),
(822, 86, 1386578258169, '丁子傑', 'public', '用連結'),
(823, 88, 1386578347006, '張靖萱', 'public', '321213'),
(824, 88, 1386578347458, '張靖萱', 'public', '54'),
(825, 88, 1386578348416, '張靖萱', 'public', '54454'),
(826, 88, 1386578348953, '張靖萱', 'public', '45'),
(827, 88, 1386578349559, '張靖萱', 'public', '142'),
(828, 88, 1386578350350, '張靖萱', 'public', '1253'),
(829, 86, 1386578352801, '李少樺', 'public', 'ru,6jo3'),
(830, 86, 1386578358437, '李少樺', 'public', '結尾'),
(831, 84, 1386578378126, '蕭惠心', 'public', '爆表啦..'),
(832, 88, 1386578450531, '白羽丞', 'public', '123456789+986543210=?'),
(833, 86, 1386578465339, '林筱筠', 'public', '19你用結為'),
(834, 86, 1386578479223, '林筱筠', 'public', '快點'),
(835, 86, 1386578520977, '林筱筠', 'public', '快點啦'),
(836, 87, 1386578525461, '余釆軒', 'public', '誰拉~~~~~~~~~`'),
(837, 88, 1386578533010, '陳亮潔', 'public', '998888899'),
(838, 88, 1386578538937, '陳亮潔', 'public', '電腦有小算盤'),
(839, 88, 1386578577472, '白羽丞', 'public', '厲害~'),
(840, 88, 1386578592271, '張靖萱', 'public', 'ㄏㄏ'),
(841, 85, 1386578603402, '黃軒豪', 'public', '.....1231458848988888888888888888888888888888888888888888888'),
(842, 103, 1387181050991, '余釆軒', 'public', '嗨~~~~~'),
(843, 104, 1387181069889, '陳亮潔', 'public', '這個更難'),
(844, 100, 1387181108403, '徐郁閎', 'public', '嗨'),
(845, 99, 1387181195958, '張友翔', 'public', '????'),
(846, 99, 1387181196050, '張友翔', 'public', ''),
(847, 100, 1387181210314, '蕭惠心', 'public', '嘿..'),
(848, 103, 1387182048543, '高震鴻', 'public', '嗨蝦咪?'),
(849, 100, 1387182066376, '徐郁閎', 'public', '你好'),
(850, 103, 1387182073844, '黃浚洧', 'public', '蝦米??'),
(851, 102, 1387182101946, '丁子傑', 'public', '要做啥'),
(852, 102, 1387182124563, '劉瑋琪', 'public', '黃金比例阿'),
(853, 102, 1387182140829, '丁子傑', 'public', '喔'),
(854, 102, 1387182181370, '林筱筠', 'public', '是誰的無禮數?'),
(855, 100, 1387182183765, '田珮瑄', 'public', '誰會打phi?'),
(856, 102, 1387182191156, '林筱筠', 'public', '數字那麼多?'),
(857, 100, 1387182203387, '田珮瑄', 'public', '我的複製不了'),
(858, 104, 1387182560988, '陳亮潔', 'public', 'https://www.google.com.tw/search?q=%E5%B8%95%E5%BE%B7%E5%AB%'),
(859, 104, 1387182570829, '陳亮潔', 'public', '黃金比例的建築'),
(860, 104, 1387182580493, '白羽丞', 'public', '還有啥可以用哩????????'),
(861, 104, 1387182716976, '張靖萱', 'public', '你們在幹嘛'),
(862, 103, 1387182840292, '高震鴻', 'public', '彩妹~~  向日葵也有黃金比例'),
(863, 103, 1387182842803, '高震鴻', 'public', '你用一下'),
(864, 102, 1387182879489, '李少樺', 'public', '例如誰做的-.-'),
(865, 104, 1387182926637, '施宗佑', 'public', '我找到真正的黃金比例'),
(866, 103, 1387182993338, '余釆軒', 'public', '????'),
(867, 103, 1387182993533, '余釆軒', 'public', ''),
(868, 103, 1387183007428, '余釆軒', 'public', 'ㄟ誰啦'),
(869, 100, 1387183150204, '徐郁閎', 'public', '你們也要做阿'),
(870, 100, 1387183156816, '徐郁閎', 'public', '都是我在做=='),
(871, 103, 1387183230439, '黃浚洧', 'public', '例子下面是要查??'),
(872, 101, 1387786076338, '李哲樂', 'public', '去找費式數列與生物方面'),
(873, 102, 1387786165363, '李少樺', 'public', '快做'),
(874, 101, 1387786195809, '黃軒豪', 'public', '我找生物'),
(875, 103, 1387786791128, '余釆軒', 'public', '蜘蛛網算不算黃金比例阿~~~~?'),
(876, 103, 1387787017785, '高震鴻', 'public', '找阿~'),
(877, 104, 1387787067442, '白羽丞', 'public', '靖萱姐~~~~~~~~~~~~~~~~~~~~~~~~~~~~~~~~~~~~~~~~~~~~~~~~~~~~~~~~~'),
(878, 104, 1387787083922, '張靖萱', 'public', 'what'),
(879, 104, 1387787087543, '施宗佑', 'public', '我都找不到'),
(880, 104, 1387787121149, '白羽丞', 'public', '沒事!!!!!!XDXD'),
(881, 104, 1387787142703, '張靖萱', 'public', 'ˊˋ'),
(882, 103, 1387787153757, '黃浚洧', 'public', '應該,大概,或許'),
(883, 104, 1387787184977, '白羽丞', 'public', '還有啥~~~'),
(884, 104, 1387787200558, '張靖萱', 'public', '阿知'),
(885, 104, 1387787200688, '張靖萱', 'public', ''),
(886, 104, 1387787226800, '白羽丞', 'public', '丁子傑他們那一組好厲害呦~'),
(887, 99, 1387787230593, '黃姍', 'public', '還可以找什麼'),
(888, 104, 1387787230969, '白羽丞', 'public', '超多的~'),
(889, 104, 1387787316333, '張靖萱', 'public', 'ˊ2ˊˊˊˊ'),
(890, 104, 1387787355759, '陳亮潔', 'public', '我盡力了'),
(891, 104, 1387787406492, '張靖萱', 'public', 'ㄒㄒ'),
(892, 104, 1387787945365, '陳亮潔', 'public', '炸彈~~'),
(893, 104, 1387787956270, '陳亮潔', 'public', 'BOMB'),
(894, 99, 1387788019278, '張友翔', 'public', '不知'),
(895, 104, 1387788107253, '白羽丞', 'public', '我也盡力嚕~~~~'),
(896, 104, 1387788131894, '白羽丞', 'public', '還有嗎??'),
(897, 102, 1387788163563, '林筱筠', 'public', '扇子那一個'),
(898, 102, 1387788175679, '林筱筠', 'public', '有姊ˊ點沒做好'),
(899, 134, 1388392919219, '李哲樂', 'public', '花'),
(900, 118, 1388995688535, '林筱筠', 'public', '為何沒東西？'),
(901, 118, 1388995700764, '林筱筠', 'public', '上禮拜你們沒有做嗎？'),
(902, 207, 1415596764672, '陳建宏', 'public', '123'),
(903, 210, 1416548483624, '賴俊佑', 'public', 'HIHI'),
(904, 216, 1416644305736, '許展祐', 'public', '贏了!'),
(905, 217, 1417974986493, '許展祐', 'public', '對於計畫還有什麼問題嗎? 有問題的話請修改一下並告知'),
(906, 217, 1417975030469, '梁煥明', 'public', '好 我立即做修改動作 修改完後便會告知於你'),
(907, 216, 1435747259449, '賴俊佑', 'public', '1234567'),
(908, 379, 1440342651708, '賴俊佑', 'public', '123132231'),
(909, 216, 1440342666286, '賴俊佑', 'public', '546678678'),
(910, 216, 1440396855683, '賴俊佑', 'public', '123'),
(911, 216, 1440396873368, '許展祐', 'public', '現在專案執行狀況怎樣?'),
(912, 216, 1440396875334, '許展祐', 'public', '請回報'),
(913, 216, 1440396899350, '賴俊佑', 'public', 'Yes sir 現在地下室連地基都還沒蓋好 Over'),
(914, 216, 1440396919202, '許展祐', 'public', '屁辣 地下室哪來的地基 回去給我打掉重練'),
(915, 216, 1441648552362, '賴俊佑', 'public', 'ＨＩＨＩ'),
(916, 216, 1441689169967, '賴俊佑', 'public', '喔買尬'),
(948, 400, 1445980416727, '333', 'public', '明天的會議 '),
(949, 400, 1445980432487, '333', 'public', '早上9點進行'),
(950, 400, 1445980468079, '111', 'public', '收到'),
(951, 399, 1445984837397, '333', 'public', '請問補助案是幾月份要送審呢'),
(952, 399, 1445984856220, '777', 'public', '2月初'),
(953, 399, 1445984866816, '333', 'public', '收到  謝謝'),
(954, 399, 1445984907947, '777', 'public', '2月初為董事長初定，實際要看政府公告為準。'),
(955, 399, 1445984917833, '333', 'public', '恩恩'),
(956, 405, 1446131400506, '666', 'public', '網頁美化的部分我的小組會負責'),
(957, 405, 1446131455355, '666', 'public', '整合就麻煩系統組的成員去安排了'),
(958, 405, 1446131607966, '111', 'public', 'ok'),
(959, 405, 1446131632368, '111', 'public', '收到'),
(960, 405, 1446131699495, '333', 'public', '我剛才想到 我們的程式設計可以分成abc三個部份來撰寫'),
(961, 392, 1446899851787, '100213018', 'public', '大家哈囉~~目前規劃如何呢'),
(962, 392, 1446899864993, '111', 'public', '今天已將進度給繪製好'),
(963, 392, 1449830637407, '111', 'public', '1111'),
(964, 392, 1449831034252, '111', 'public', '2222'),
(965, 392, 1449831053812, '111', 'public', '33333'),
(966, 392, 1449831433831, '111', 'public', '44444'),
(967, 392, 1449831460407, '111', 'public', '5555'),
(968, 392, 1449831486536, '111', 'public', '777'),
(969, 392, 1449831495383, '111', 'public', '888'),
(970, 392, 1449831520293, '111', 'public', '1111111111'),
(971, 392, 1449831532166, '111', 'public', '9748676786'),
(972, 392, 1449831558929, '111', 'public', '543543574'),
(973, 392, 1449831866473, '111', 'public', '5465454546'),
(974, 392, 1449831883653, '111', 'public', '8978787941'),
(975, 392, 1449831917992, '111', 'public', '87541234865131238464'),
(976, 392, 1449832045575, '111', 'public', 'Hello'),
(977, 410, 1450861438227, '111', 'public', '安安'),
(978, 411, 1451382938391, '100213018', 'public', '122132'),
(979, 411, 1451382939213, '100213018', 'public', '5434'),
(980, 411, 1451382943237, '100213018', 'public', '57465'),
(981, 407, 1451383023973, '111', 'public', '111'),
(982, 378, 1455623127368, '111', 'public', '大家哈囉'),
(983, 409, 1458105144731, '100213018', 'public', 'Testing'),
(984, 216, 1472715834663, '100213018', 'public', '123');

-- --------------------------------------------------------

--
-- 資料表結構 `discusstion`
--

CREATE TABLE IF NOT EXISTS `discusstion` (
  `dID` int(11) NOT NULL AUTO_INCREMENT,
  `NodeID` int(11) NOT NULL,
  `Time` bigint(20) NOT NULL,
  `Poster` varchar(15) CHARACTER SET utf8 COLLATE utf8_unicode_ci NOT NULL,
  `Content` varchar(200) CHARACTER SET utf8 COLLATE utf8_unicode_ci NOT NULL,
  PRIMARY KEY (`dID`)
) ENGINE=InnoDB  DEFAULT CHARSET=latin1 AUTO_INCREMENT=93 ;

--
-- 資料表的匯出資料 `discusstion`
--

INSERT INTO `discusstion` (`dID`, `NodeID`, `Time`, `Poster`, `Content`) VALUES
(9, 1, 1339083516082, '陳建宏 老師', '這邊是用來討論的!!!!!'),
(10, 1, 1339083542747, '陳建宏 老師', '討論主題為：利用人性的營銷策略'),
(11, 4, 1339124472569, '賴俊佑', 'hi'),
(12, 4, 1339124472569, '賴俊佑', 'hi'),
(13, 4, 1339124472569, '賴俊佑', 'hi'),
(14, 1, 1339258067457, '賴俊佑', '討論繼續？'),
(15, 59, 1339572139995, '賴俊佑', '國產的不錯用 之前買過一台'),
(16, 59, 1339572194918, '陳建宏', '我也買過 不過三個月就故障送修了&nbsp;<img src="http://163.22.32.104:8080/kindeditor/plugins/emoticons/images/9.gif" border="0" alt="" />'),
(17, 59, 1339572194918, '陳建宏', '我也買過 不過三個月就故障送修了&nbsp;<img src="http://163.22.32.104:8080/kindeditor/plugins/emoticons/images/9.gif" border="0" alt="" />'),
(18, 59, 1339572407474, '賴俊佑', '可能買到機王吧 @@'),
(19, 59, 1339573360403, '陳建宏', '可能唷~&nbsp;'),
(20, 59, 1339573360403, '陳建宏', '可能唷~&nbsp;'),
(21, 59, 1339573360403, '陳建宏', '可能唷~&nbsp;'),
(22, 80, 1341558904392, '賴俊佑', '123'),
(23, 80, 1341558904392, '賴俊佑', '123'),
(24, 123, 1341796452802, '陳憖宏', '間間'),
(25, 123, 1341796466512, '蕭義昇', 'd d&nbsp;'),
(26, 123, 1341796470299, '陳憖宏', 'DD'),
(38, 128, 1341799209176, '賴俊佑', '保固不錯'),
(39, 128, 1341799209176, '賴俊佑', '保固不錯'),
(40, 7, 1362551938586, '陳建宏', '<p>\n	I like this fans\n</p>\n<p>\n	<ol>\n		<li>\n			<span style="line-height:1.5;">it is samll</span>\n		</li>\n		<li>\n			<span style="line-height:1.5;">it is sweet</span>\n		</li>\n		<li>\n			<span style="line'),
(41, 7, 1362551963756, '賴俊佑', 'You''ll never know<br />'),
(42, 28, 1362554190664, '陳建宏', 'this is conclusion'),
(43, 28, 1362554217119, '陳建宏', 'not yet'),
(44, 28, 1362554190664, '陳建宏', 'this is conclusion'),
(45, 28, 1362554217119, '陳建宏', 'not yet'),
(46, 28, 1362554190664, '陳建宏', 'this is conclusion'),
(47, 28, 1362554217119, '陳建宏', 'not yet'),
(48, 28, 1362554190664, '陳建宏', 'this is conclusion'),
(49, 28, 1362554217119, '陳建宏', 'not yet'),
(50, 28, 1362554190664, '陳建宏', 'this is conclusion'),
(51, 28, 1362554217119, '陳建宏', 'not yet'),
(52, 116, 1370315752295, '陳建宏', '我不要韓國貨'),
(53, 178, 1380975545954, '賴俊佑', '飛機最快'),
(54, 180, 1380981883301, '賴俊佑', 'test'),
(55, 157, 1381050795036, '賴俊佑', 'hello'),
(56, 208, 1381890582565, '施伯宜', '<span style="color:#E53333;"><img src="http://systemdynamics.tw:8080/kindeditor/plugins/emoticons/images/11.gif" border="0" alt="" /></span>'),
(57, 262, 1381890968928, '隆哥', '1244'),
(58, 6233, 1416553190437, '賴俊佑', '111'),
(59, 6255, 1416553292856, '賴俊佑', '111'),
(60, 6255, 1416553301173, '隆哥', '<p>\n	HI\n</p>\n<p>\n	<br />\n</p>\n<p>\n	<br />\n</p>'),
(61, 6261, 1416553350071, '賴俊佑', '11123444'),
(62, 6302, 1416558682585, '許展祐', '最終測試1'),
(63, 6301, 1416644288991, '許展祐', '已經是贏了RRRRRRRRRRRRRRR'),
(64, 6453, 1441005903360, '許展祐', '4545'),
(65, 6320, 1441005914715, '許展祐', '878687'),
(66, 6300, 1441286532698, '許展祐', '444'),
(67, 6300, 1441507408623, '許展祐', '<p>\n	<img src="http://127.0.0.1:8080/kindeditor/plugins/emoticons/images/18.gif" border="0" alt="" />\n</p>\n<p>\n	<br />\n</p>'),
(68, 6300, 1441507421508, '許展祐', '<p>\n	<img src="http://127.0.0.1:8080/kindeditor/plugins/emoticons/images/36.gif" border="0" alt="" />\n</p>\n<p>\n	<br />\n</p>\n<p>\n	<br />\n</p>'),
(69, 6300, 1441507442763, '許展祐', '<p>\n	<img src="http://127.0.0.1:8080/kindeditor/plugins/emoticons/images/36.gif" border="0" alt="" /><img src="http://127.0.0.1:8080/kindeditor/plugins/emoticons/images/18.gif" border="0" alt="" />\n</'),
(70, 6300, 1441507826428, '許展祐', '<p>\n	<img src="http://127.0.0.1:8080/kindeditor/plugins/emoticons/images/31.gif" border="0" alt="" />\n</p>'),
(71, 6325, 1441614966012, '許展祐', '<img src="http://127.0.0.1:8080/kindeditor/plugins/emoticons/images/19.gif" border="0" alt="" />'),
(72, 6320, 1441615236393, '許展祐', '<img src="http://127.0.0.1:8080/kindeditor/plugins/emoticons/images/32.gif" border="0" alt="" />'),
(73, 6302, 1441644786258, '許展祐', '<p>\n	<img src="http://127.0.0.1:8080/kindeditor/plugins/emoticons/images/36.gif" border="0" alt="" />\n</p>'),
(74, 6326, 1442029198780, '許展祐', '<p>\n	<img src="http://127.0.0.1:8080/kindeditor/plugins/emoticons/images/13.gif" border="0" alt="" />\n</p>\n<p>\n	<img src="http://127.0.0.1:8080/kindeditor/plugins/emoticons/images/36.gif" border="0" a'),
(75, 6300, 1442068678342, '許展祐', '<img src="http://127.0.0.1:8080/kindeditor/plugins/emoticons/images/18.gif" border="0" alt="" /><img src="http://127.0.0.1:8080/kindeditor/plugins/emoticons/images/18.gif" border="0" alt="" /><img src'),
(76, 6300, 1442068678622, '許展祐', ''),
(77, 6302, 1442105584906, '許展祐', '廁所有一間故障壞掉了'),
(78, 6564, 1442417504890, '許展祐', '<img src="http://127.0.0.1:8080/kindeditor/plugins/emoticons/images/32.gif" border="0" alt="" />'),
(79, 6564, 1442908774795, '許展祐', '<p>\n	<img src="http://127.0.0.1:8080/kindeditor/plugins/emoticons/images/4.gif" border="0" alt="" />\n</p>'),
(80, 6564, 1443087180410, '許展祐', '<img src="http://127.0.0.1:8080/kindeditor/plugins/emoticons/images/36.gif" border="0" alt="" />'),
(81, 6566, 1443241920428, '許展祐', '<img src="http://127.0.0.1:8080/kindeditor/plugins/emoticons/images/32.gif" border="0" alt="" />'),
(82, 6566, 1443583625654, '許展祐', '111'),
(83, 6566, 1443583628690, '許展祐', '222'),
(84, 6566, 1443599645583, '許展祐', ''),
(85, 6566, 1443599668984, '許展祐', '11'),
(86, 6726, 1444722098102, '巫柏萱', '哈囉'),
(87, 6726, 1444722185451, '賴俊佑', '<p>\n	hello\n</p>\n<p>\n	<br />\n</p>'),
(88, 6726, 1444724487381, '賴俊佑', ''),
(89, 6722, 1445980591079, '賴俊佑', '<p>\n	<img src="http://127.0.0.1:8080/kindeditor/plugins/emoticons/images/13.gif" border="0" alt="" />&nbsp;目前計畫進行，一切順利\n</p>\n<p>\n	<br />\n</p>'),
(90, 6656, 1450861998625, 'William', '<p>\n	哈囉\n</p>\n<p>\n	<br />\n</p>'),
(91, 6658, 1450862040417, 'William', '我作好&nbsp;'),
(92, 6868, 1455623421604, 'Ben', '<p>\n	<img src="http://127.0.0.1:8080/kindeditor/plugins/emoticons/images/4.gif" border="0" alt="" /><img src="http://127.0.0.1:8080/kindeditor/plugins/emoticons/images/36.gif" border="0" alt="" />\n</p');

-- --------------------------------------------------------

--
-- 資料表結構 `log`
--

CREATE TABLE IF NOT EXISTS `log` (
  `no` int(11) NOT NULL AUTO_INCREMENT,
  `mapid` int(11) NOT NULL,
  `uname` varchar(15) CHARACTER SET utf8 COLLATE utf8_unicode_ci NOT NULL,
  `action` varchar(50) CHARACTER SET utf8 COLLATE utf8_unicode_ci NOT NULL,
  `content` varchar(50) CHARACTER SET utf8 COLLATE utf8_unicode_ci NOT NULL,
  `time` bigint(20) NOT NULL,
  PRIMARY KEY (`no`)
) ENGINE=InnoDB  DEFAULT CHARSET=latin1 AUTO_INCREMENT=17165 ;

--
-- 資料表的匯出資料 `log`
--

INSERT INTO `log` (`no`, `mapid`, `uname`, `action`, `content`, `time`) VALUES
(15950, 216, '許展祐', 'node_edit', '6300,已經是贏了R', 1416558561201),
(15951, 216, '許展祐', 'node_create', '6301,216,6300,untitled,,,,1416558573623,2', 1416558573671),
(15952, 216, '許展祐', 'node_create', '6302,216,6300,untitled,,,,1416558575031,1', 1416558575076),
(15953, 216, '許展祐', 'node_create', '6303,216,6300,untitled,,,,1416558576407,2', 1416558576447),
(15954, 216, '許展祐', 'node_edit', '6301,贏了+1', 1416558593690),
(15955, 216, '許展祐', 'node_create', '6304,216,6303,untitled,,,,1416558597039,2', 1416558597080),
(15956, 216, '許展祐', 'node_edit', '6303,贏了+2', 1416558618874),
(15957, 216, '許展祐', 'node_edit', '6304,爽贏RRRRR', 1416558641731),
(15958, 216, '許展祐', 'node_edit', '6302,大明好帥', 1416558671416),
(15959, 216, '許展祐', 'node_edit', '6301,贏了+1', 1416644158214),
(15960, 216, '許展祐', 'node_edit', '6301,贏了+1', 1416644160882),
(15961, 216, '許展祐', 'node_edit', '6301,贏了+1', 1416644259655),
(15962, 216, '梁煥明', 'node_edit', '6300,實驗室重建計劃', 1416645454569),
(15963, 216, '梁煥明', 'node_create', '6305,216,6301,untitled,,,,1416645470675,2', 1416645470799),
(15964, 216, '許展祐', 'node_drag', '6300,6301,1', 1416645478328),
(15965, 216, '許展祐', 'node_drag', '6300,6301,2', 1416645488994),
(15966, 216, '許展祐', 'node_edit', '6301,實驗室101', 1416645540525),
(15967, 216, '梁煥明', 'node_edit', '6302,廁所改裝', 1416645546873),
(15968, 216, '許展祐', 'node_edit', '6303,實驗室102', 1416645569468),
(15969, 216, '許展祐', 'node_create', '6306,216,6300,untitled,,,,1416645566752,1', 1416645572996),
(15970, 216, '許展祐', 'node_drag', '6300,6306,2', 1416645575063),
(15971, 216, '許展祐', 'node_drag', '6300,6303,1', 1416645578874),
(15972, 216, '許展祐', 'node_drag', '6300,6303,2', 1416645580257),
(15973, 216, '許展祐', 'node_drag', '6300,6306,1', 1416645581615),
(15974, 216, '許展祐', 'node_drag', '6300,6306,2', 1416645582986),
(15975, 216, '許展祐', 'node_edit', '6306,實驗室103', 1416645609013),
(15976, 216, '許展祐', 'node_edit', '6301,實驗室101', 1416645625279),
(15977, 216, '許展祐', 'node_edit', '6303,實驗室102', 1416645632239),
(15978, 216, '許展祐', 'node_create', '6307,216,6300,untitled,,,,1416645652511,1', 1416645659005),
(15979, 216, '許展祐', 'node_drag', '6300,6307,2', 1416645660950),
(15980, 216, '許展祐', 'node_delete', '6307', 1416645711236),
(15981, 216, '許展祐', 'node_create', '6308,216,6300,untitled,,,,1416645707687,1', 1416645713972),
(15982, 216, '許展祐', 'node_drag', '6300,6308,2', 1416645715979),
(15983, 216, '梁煥明', 'node_create', '6309,216,6300,untitled,,,,1416645720426,1', 1416645720551),
(15984, 216, '梁煥明', 'node_drag', '6300,6309,2', 1416645723828),
(15985, 216, '梁煥明', 'node_delete', '6305', 1416645734995),
(15986, 216, '許展祐', 'node_edit', '6309,實驗室104', 1416645738257),
(15987, 216, '梁煥明', 'node_edit', '6308,untitled', 1416645744496),
(15988, 216, '梁煥明', 'node_edit', '6308,實驗室105', 1416645889665),
(15989, 216, '許展祐', 'node_drag', '6300,6308,1', 1416646053398),
(15990, 216, '許展祐', 'node_drag', '6300,6308,2', 1416646054883),
(15991, 216, '梁煥明', 'node_edit', '6304,電腦設備', 1416646058714),
(15992, 216, '梁煥明', 'node_create', '6310,216,6303,untitled,,,,1416646067162,2', 1416646067292),
(15993, 216, '許展祐', 'node_edit', '6309,實驗室104', 1416646078855),
(15994, 216, '許展祐', 'node_edit', '6308,實驗室105', 1416646084780),
(15995, 216, '許展祐', 'node_drag', '6309,6310,3', 1416646090805),
(15996, 216, '許展祐', 'node_drag', '6306,6310,3', 1416646092376),
(15997, 216, '梁煥明', 'node_drag', '6304,6310,4', 1416646098045),
(15998, 216, '許展祐', 'node_create', '6311,216,6301,untitled,,,,1416646097998,2', 1416646104301),
(15999, 216, '梁煥明', 'node_edit', '6310,伺服器', 1416646137786),
(16000, 216, '許展祐', 'node_edit', '6311,untitled', 1416646143176),
(16001, 216, '許展祐', 'node_edit', '6311,電腦設備', 1416646161469),
(16002, 216, '梁煥明', 'node_drag', '6302,6311,3', 1416646408353),
(16003, 216, '梁煥明', 'node_drag', '6301,6311,3', 1416646410376),
(16004, 216, '梁煥明', 'node_create', '6312,216,6304,untitled,,,,1416646429859,2', 1416646429918),
(16005, 216, '梁煥明', 'node_create', '6313,216,6304,untitled,,,,1416646433954,2', 1416646434089),
(16006, 216, '梁煥明', 'node_delete', '6313', 1416646441304),
(16007, 216, '梁煥明', 'node_create', '6314,216,6304,untitled,,,,1416646443602,2', 1416646443746),
(16008, 216, '梁煥明', 'node_edit', '6312,untitled', 1416646483988),
(16009, 216, '許展祐', 'node_drag', '6300,6311,2', 1416646528445),
(16010, 216, '許展祐', 'node_drag', '6301,6311,3', 1416646531243),
(16011, 216, '許展祐', 'node_iconadd', '6300,idea', 1416646554683),
(16012, 216, '許展祐', 'node_create', '6315,216,6306,untitled,,,,1416646559487,2', 1416646565818),
(16013, 216, '許展祐', 'node_drag', '6300,6309,1', 1416646618979),
(16014, 216, '許展祐', 'node_drag', '6300,6309,2', 1416646620451),
(16015, 216, '許展祐', 'node_drag', '6300,6308,1', 1416646621951),
(16016, 216, '許展祐', 'node_drag', '6300,6308,2', 1416646623261),
(16017, 216, '許展祐', 'node_drag', '6300,6309,1', 1416646631897),
(16018, 216, '許展祐', 'node_drag', '6300,6308,1', 1416646633427),
(16019, 216, '許展祐', 'node_drag', '6300,6309,2', 1416646636917),
(16020, 216, '許展祐', 'node_drag', '6300,6308,2', 1416646638139),
(16021, 216, '梁煥明', 'node_edit', '6312,cpu', 1416646641182),
(16022, 216, '梁煥明', 'node_edit', '6312,cpu', 1416646666035),
(16023, 216, '梁煥明', 'node_edit', '6314,ram(8GB)', 1416646718433),
(16024, 216, '許展祐', 'node_delete', '6308', 1416672868405),
(16025, 216, '許展祐', 'node_create', '6316,216,6300,untitled,,,,1416672894752,1', 1416672894793),
(16026, 216, '許展祐', 'node_drag', '6300,6316,2', 1416672896686),
(16027, 216, '許展祐', 'node_edit', '6316,實驗室105', 1416672921621),
(16028, 216, '許展祐', 'node_edit', '6300,實驗室重建計劃', 1416672966249),
(16029, 216, '許展祐', 'node_edit', '6301,實驗室101', 1416672992913),
(16030, 216, '許展祐', 'node_create', '6317,216,6301,untitled,,,,1416672999423,2', 1416672999462),
(16031, 216, '許展祐', 'node_edit', '6317,內部裝潢', 1416673057298),
(16032, 216, '許展祐', 'node_edit', '6301,實驗室101', 1416673064821),
(16033, 216, '許展祐', 'node_edit', '6302,廁所改裝', 1416673155054),
(16034, 216, '許展祐', 'node_edit', '6300,地下室重建計劃', 1416673189962),
(16035, 216, '許展祐', 'node_create', '6318,216,6311,untitled,,,,1416673203951,2', 1416673203986),
(16036, 216, '許展祐', 'node_edit', '6318,添購主機', 1416673242825),
(16037, 216, '許展祐', 'node_edit', '6311,電腦設備', 1416673259200),
(16038, 216, '許展祐', 'node_edit', '6311,增加設備', 1416673272801),
(16039, 216, '許展祐', 'node_create', '6319,216,6300,untitled,,,,1416673305303,1', 1416673305334),
(16040, 216, '許展祐', 'node_edit', '6319,休息室', 1416673339849),
(16041, 216, '許展祐', 'node_edit', '6302,廁所1', 1416673360107),
(16042, 216, '許展祐', 'node_create', '6320,216,6300,untitled,,,,1416673363375,1', 1416673363409),
(16043, 216, '許展祐', 'node_drag', '6300,6319,2', 1416673369020),
(16044, 216, '許展祐', 'node_drag', '6300,6319,1', 1416673370892),
(16045, 216, '許展祐', 'node_edit', '6320,廁所2', 1416673394404),
(16046, 216, '許展祐', 'node_create', '6321,216,6311,untitled,,,,1416673417503,2', 1416673417539),
(16047, 216, '許展祐', 'node_edit', '6321,添購印表機', 1416673451197),
(16048, 216, '許展祐', 'node_edit', '6311,增加設備', 1416673466306),
(16049, 216, '許展祐', 'node_edit', '6311,增加設備', 1416673479610),
(16050, 216, '許展祐', 'node_edit', '6301,實驗室101', 1416673484646),
(16051, 216, '許展祐', 'node_edit', '6317,內部裝潢', 1416673493093),
(16052, 216, '許展祐', 'node_edit', '6317,內部裝潢', 1416673498990),
(16053, 216, '許展祐', 'node_edit', '6317,內部裝潢', 1416673507907),
(16054, 216, '許展祐', 'node_edit', '6317,內部裝潢+設計', 1416673514084),
(16055, 216, '許展祐', 'node_edit', '6311,增加設備', 1416673555189),
(16056, 216, '許展祐', 'node_create', '6322,216,6311,untitled,,,,1416673569079,2', 1416673569117),
(16057, 216, '許展祐', 'node_edit', '6322,添購其他設備', 1416673594592),
(16058, 216, '許展祐', 'node_edit', '6322,添購其他設備', 1416673602992),
(16059, 216, '許展祐', 'node_edit', '6303,實驗室102', 1416673624154),
(16060, 216, '許展祐', 'node_edit', '6303,實驗室102', 1416673640277),
(16061, 216, '許展祐', 'node_edit', '6304,增加設備', 1416673664213),
(16062, 216, '許展祐', 'node_edit', '6304,增加設備', 1416673670696),
(16063, 216, '許展祐', 'node_edit', '6312,添購主機', 1416673688464),
(16064, 216, '許展祐', 'node_edit', '6314,添購印表機', 1416673703737),
(16065, 216, '許展祐', 'node_edit', '6314,添購印表機', 1416673708551),
(16066, 216, '許展祐', 'node_create', '6323,216,6304,untitled,,,,1416673713312,2', 1416673713346),
(16067, 216, '許展祐', 'node_edit', '6323,添購其他設備', 1416673735733),
(16068, 216, '許展祐', 'node_edit', '6310,內部裝潢+設計', 1416673760332),
(16069, 216, '許展祐', 'node_edit', '6310,內部裝潢+設計', 1416673762871),
(16070, 216, '許展祐', 'node_edit', '6306,實驗室103', 1416673783078),
(16071, 216, '許展祐', 'node_edit', '6315,增加設備', 1416673810414),
(16072, 216, '許展祐', 'node_create', '6324,216,6306,untitled,,,,1416673812855,2', 1416673812893),
(16073, 216, '許展祐', 'node_edit', '6324,內部裝潢+設計', 1416673842629),
(16074, 216, '許展祐', 'node_create', '6325,216,6302,untitled,,,,1416673858679,1', 1416673858716),
(16075, 216, '許展祐', 'node_create', '6326,216,6302,untitled,,,,1416673870863,1', 1416673870893),
(16076, 216, '許展祐', 'node_edit', '6325,untitled', 1416673880351),
(16077, 216, '許展祐', 'node_edit', '6326,添購器材', 1416673903878),
(16078, 216, '許展祐', 'node_edit', '6302,廁所1', 1416673911294),
(16079, 216, '許展祐', 'node_edit', '6326,添購器材', 1416673917559),
(16080, 216, '許展祐', 'node_edit', '6325,整修', 1416673932021),
(16081, 216, '許展祐', 'node_delete', '6316', 1416673947273),
(16082, 216, '許展祐', 'node_edit', '6309,實驗室104', 1416673973820),
(16083, 216, '許展祐', 'node_edit', '6319,休息室', 1416674048966),
(16084, 216, '許展祐', 'node_edit', '6309,實驗室104', 1416674061375),
(16085, 216, '許展祐', 'node_edit', '6319,休息室', 1416674070747),
(16086, 216, '許展祐', 'node_edit', '6300,地下室重建計劃', 1416674078551),
(16087, 216, '許展祐', 'node_iconadd', '6301,full-1', 1416674092284),
(16088, 216, '許展祐', 'node_iconadd', '6303,full-2', 1416674095151),
(16089, 216, '許展祐', 'node_iconadd', '6306,full-3', 1416674098443),
(16090, 216, '許展祐', 'node_iconadd', '6309,full-4', 1416674101183),
(16091, 216, '許展祐', 'node_iconadd', '6302,full-5', 1416674105302),
(16092, 216, '許展祐', 'node_iconadd', '6320,full-6', 1416674108059),
(16093, 216, '許展祐', 'node_iconadd', '6319,full-7', 1416674111222),
(16094, 216, '許展祐', 'node_iconadd', '6325,clanbomber', 1416674120780),
(16095, 217, '許展祐', 'node_edit', '6327,地下室重整計畫', 1416675960317),
(16096, 217, '許展祐', 'node_create', '6328,217,6327,untitled,,,,1416675972688,2', 1416675972714),
(16097, 217, '許展祐', 'node_edit', '6328,實驗室101', 1416675996289),
(16098, 217, '許展祐', 'node_create', '6329,217,6328,untitled,,,,1416676007520,2', 1416676007556),
(16099, 217, '許展祐', 'node_edit', '6329,添購設備', 1416676038077),
(16100, 217, '許展祐', 'node_create', '6330,217,6329,untitled,,,,1416676042943,2', 1416676043017),
(16101, 217, '許展祐', 'node_edit', '6330,添購主機', 1416676061739),
(16102, 217, '許展祐', 'node_create', '6331,217,6329,untitled,,,,1416676065103,2', 1416676065129),
(16103, 217, '許展祐', 'node_edit', '6331,添購印表機', 1416676086005),
(16104, 217, '許展祐', 'node_create', '6332,217,6329,untitled,,,,1416676091768,2', 1416676091803),
(16105, 217, '許展祐', 'node_edit', '6332,添購其他設備', 1416676115044),
(16106, 217, '許展祐', 'node_create', '6333,217,6328,untitled,,,,1416676133167,2', 1416676133192),
(16107, 217, '許展祐', 'node_edit', '6333,外觀', 1416676173875),
(16108, 217, '許展祐', 'node_create', '6334,217,6333,untitled,,,,1416676176872,2', 1416676176909),
(16109, 217, '許展祐', 'node_edit', '6334,設計', 1416676206432),
(16110, 217, '許展祐', 'node_create', '6335,217,6333,untitled,,,,1416676210047,2', 1416676210077),
(16111, 217, '許展祐', 'node_edit', '6335,裝潢', 1416676233989),
(16112, 217, '許展祐', 'node_create', '6336,217,6327,untitled,,,,1416676259719,1', 1416676259749),
(16113, 217, '許展祐', 'node_edit', '6336,實驗室102', 1416676292578),
(16114, 217, '許展祐', 'node_create', '6337,217,6336,untitled,,,,1416676295879,1', 1416676295911),
(16115, 217, '許展祐', 'node_edit', '6337,添購設備', 1416676322781),
(16116, 217, '許展祐', 'node_create', '6338,217,6337,untitled,,,,1416676331495,1', 1416676331517),
(16117, 217, '許展祐', 'node_edit', '6338,添購主機', 1416676351438),
(16118, 217, '許展祐', 'node_create', '6339,217,6337,untitled,,,,1416676354168,1', 1416676354194),
(16119, 217, '許展祐', 'node_edit', '6339,添購印表機', 1416676371456),
(16120, 217, '許展祐', 'node_create', '6340,217,6337,untitled,,,,1416676380111,1', 1416676380135),
(16121, 217, '許展祐', 'node_edit', '6340,添購其他設備', 1416676408950),
(16122, 217, '許展祐', 'node_create', '6341,217,6336,untitled,,,,1416676413207,1', 1416676413264),
(16123, 217, '許展祐', 'node_edit', '6341,外觀', 1416676438575),
(16124, 217, '許展祐', 'node_create', '6342,217,6341,untitled,,,,1416676443312,1', 1416676443362),
(16125, 217, '許展祐', 'node_edit', '6342,設計', 1416676465969),
(16126, 217, '許展祐', 'node_create', '6343,217,6341,untitled,,,,1416676468831,1', 1416676468866),
(16127, 217, '許展祐', 'node_edit', '6343,裝潢', 1416676492275),
(16128, 217, '許展祐', 'node_iconadd', '6327,idea', 1416676516451),
(16129, 217, '許展祐', 'node_create', '6344,217,6327,untitled,,,,1416676519607,2', 1416676519647),
(16130, 217, '許展祐', 'node_edit', '6344,廁所改建', 1416676563921),
(16131, 217, '許展祐', 'node_create', '6345,217,6327,untitled,,,,1416676569695,1', 1416676569731),
(16132, 217, '許展祐', 'node_edit', '6345,新建休息室', 1416676600479),
(16133, 217, '許展祐', 'node_create', '6346,217,6345,untitled,,,,1416676616904,1', 1416676616944),
(16134, 217, '許展祐', 'node_edit', '6346,設紀', 1416676629612),
(16135, 217, '許展祐', 'node_edit', '6346,設計', 1416676651454),
(16136, 217, '許展祐', 'node_create', '6347,217,6345,untitled,,,,1416676654215,1', 1416676654243),
(16137, 217, '許展祐', 'node_edit', '6347,裝潢', 1416676674867),
(16138, 217, '許展祐', 'node_edit', '6345,新建休息室', 1416676680448),
(16139, 217, '許展祐', 'node_edit', '6346,設計', 1416676685269),
(16140, 217, '許展祐', 'node_edit', '6327,地下室重整計畫', 1416676697348),
(16141, 217, '許展祐', 'node_iconadd', '6328,full-1', 1416676707781),
(16142, 217, '許展祐', 'node_iconadd', '6336,full-2', 1416676711318),
(16143, 217, '許展祐', 'node_iconadd', '6344,full-3', 1416676715029),
(16144, 217, '許展祐', 'node_iconadd', '6345,full-4', 1416676717910),
(16145, 217, '許展祐', 'node_edit', '50%,', 1416737715022),
(16146, 217, '許展祐', 'node_edit', '50%,', 1416737745125),
(16147, 217, '許展祐', 'node_edit', '55,', 1416737763266),
(16148, 217, '許展祐', 'node_edit', '6327,地下室重整計畫', 1417975496919),
(16149, 217, '許展祐', 'node_edit', '6328,實驗室101', 1417975523011),
(16150, 217, '許展祐', 'node_edit', '6327,地下室重整計畫', 1417975536588),
(16151, 217, '許展祐', 'node_edit', '6327,地下室重整計畫', 1417975621345),
(16152, 217, '許展祐', 'node_edit', '6328,實驗室101', 1417975638744),
(16153, 218, '許展祐', 'node_edit', '6348,題目確認', 1420202759929),
(16154, 218, '許展祐', 'node_create', '6349,218,6348,untitled,,,,1420202763966,2', 1420202763999),
(16155, 218, '許展祐', 'node_edit', '6348,專題', 1420207041596),
(16156, 218, '許展祐', 'node_edit', '6349,題目確認', 1420207076046),
(16157, 218, '許展祐', 'node_create', '6350,218,6348,untitled,,,,1420207080060,1', 1420207080093),
(16158, 218, '許展祐', 'node_drag', '6348,6350,2', 1420207083393),
(16159, 218, '許展祐', 'node_edit', '6350,資料收集', 1420207121521),
(16160, 218, '許展祐', 'node_create', '6351,218,6348,untitled,,,,1420207124252,1', 1420207124290),
(16161, 218, '許展祐', 'node_drag', '6348,6351,2', 1420207126117),
(16162, 218, '許展祐', 'node_edit', '6351,需求分析', 1420207187205),
(16163, 218, '許展祐', 'node_create', '6352,218,6348,untitled,,,,1420207189891,1', 1420207189943),
(16164, 218, '許展祐', 'node_drag', '6348,6352,2', 1420207193082),
(16165, 218, '許展祐', 'node_edit', '6352,可行性方案分析', 1420207234564),
(16166, 218, '許展祐', 'node_create', '6353,218,6348,untitled,,,,1420207237316,1', 1420207237343),
(16167, 218, '許展祐', 'node_drag', '6348,6353,2', 1420207238929),
(16168, 218, '許展祐', 'node_edit', '6353,可行性方案評估', 1420207254869),
(16169, 218, '許展祐', 'node_create', '6354,218,6348,untitled,,,,1420207287452,1', 1420207287481),
(16170, 218, '許展祐', 'node_drag', '6348,6354,2', 1420207289293),
(16171, 218, '許展祐', 'node_edit', '6354,建立系統', 1420207310547),
(16172, 218, '許展祐', 'node_edit', '6350,資料收集', 1420207455365),
(16173, 216, '賴俊佑', 'node_create', '6355,216,6311,untitled,,,,1432467570086,2', 1432467570161),
(16174, 216, '賴俊佑', 'node_delete', '6324', 1434895752408),
(16175, 216, '許展祐', 'node_delete', '6355', 1435140511501),
(16176, 216, '賴俊佑', 'node_create', '6356,216,6302,untitled,,,,1439799235216,1', 1439799235310),
(16177, 216, '賴俊佑', 'node_iconadd', '6356,ksmiletris', 1439799240492),
(16178, 308, '賴俊佑', 'node_edit', '6364,88888888888', 1439991918598),
(16179, 312, '賴俊佑', 'node_create', '6371,312,6370,untitled,,,,1439992225070,2', 1439992225091),
(16180, 312, '賴俊佑', 'node_create', '6372,312,6370,untitled,,,,1439992227616,1', 1439992227628),
(16181, 312, '賴俊佑', 'node_iconremoveall', '6370', 1439992294413),
(16182, 312, '賴俊佑', 'node_iconadd', '6370,idea', 1439992298534),
(16183, 320, '賴俊佑', 'node_edit', '6385,HelloWorld', 1439992986215),
(16184, 379, '賴俊佑', 'node_create', '6419,379,6418,untitled,,,,1440342492926,2', 1440342492957),
(16185, 379, '賴俊佑', 'node_edit', '6419,資料蒐集', 1440342503673),
(16186, 379, '賴俊佑', 'node_edit', '6419,A部門', 1440395969453),
(16187, 379, '賴俊佑', 'node_create', '6420,379,6418,untitled,,,,1440395974366,1', 1440395974386),
(16188, 379, '賴俊佑', 'node_edit', '6420,B部門', 1440395982703),
(16189, 379, '賴俊佑', 'node_create', '6421,379,6418,untitled,,,,1440396011918,2', 1440396011961),
(16190, 379, '賴俊佑', 'node_edit', '6421,C部門', 1440396026864),
(16191, 379, '賴俊佑', 'node_create', '6422,379,6418,untitled,,,,1440396031622,1', 1440396031655),
(16192, 379, '賴俊佑', 'node_edit', '6422,D部門', 1440396040201),
(16193, 379, '賴俊佑', 'node_edit', '6419,A部門', 1440397548826),
(16194, 379, '賴俊佑', 'node_edit', '6420,B部門', 1440397558376),
(16195, 379, '賴俊佑', 'node_edit', '6421,C部門', 1440397566923),
(16196, 379, '賴俊佑', 'node_edit', '6422,D部門', 1440397573597),
(16197, 216, '許展祐', 'node_create', '6423,216,6302,untitled,,,,1440401547285,1', 1440401547360),
(16198, 216, '許展祐', 'node_delete', '6423', 1440401556477),
(16199, 216, '許展祐', 'node_create', '6424,216,6309,untitled,,,,1440401563956,2', 1440401563998),
(16200, 216, '許展祐', 'node_edit', '6424,購買電腦', 1440401584543),
(16201, 216, '許展祐', 'node_create', '6425,216,6309,untitled,,,,1440401604946,2', 1440401605019),
(16202, 216, '許展祐', 'node_edit', '6425,資料蒐集', 1440401648967),
(16203, 216, '賴俊佑', 'node_drag', '6309,6303,4', 1440401671745),
(16204, 216, '賴俊佑', 'node_drag', '6300,6303,1', 1440401735452),
(16205, 216, '賴俊佑', 'node_drag', '6300,6303,2', 1440401737872),
(16206, 379, '賴俊佑', 'node_create', '6426,379,6419,untitled,,,,1440404904484,2', 1440404904506),
(16207, 379, '賴俊佑', 'node_delete', '6426', 1440404911498),
(16208, 216, '賴俊佑', 'node_iconremoveall', '6320', 1440419220949),
(16209, 216, '賴俊佑', 'node_iconadd', '6320,messagebox_warning', 1440419225337),
(16210, 216, '許展祐', 'node_create', '6428,216,6302,untitled,,,,1440466382055,1', 1440466382112),
(16211, 216, '許展祐', 'node_edit', '6428,買掃地用具', 1440466400819),
(16212, 216, '許展祐', 'node_create', '6429,216,6302,untitled,,,,1440471914141,1', 1440471914203),
(16213, 216, '許展祐', 'node_delete', '6429', 1440471921229),
(16214, 216, '許展祐', 'node_create', '6434,216,6311,untitled,,,,1440506204540,2', 1440506204722),
(16215, 216, '許展祐', 'node_edit', '6434,購買菜瓜布', 1440506213029),
(16216, 216, '許展祐', 'node_create', '6435,216,6311,untitled,,,,1440506235377,2', 1440506235462),
(16217, 216, '許展祐', 'node_create', '6436,216,6311,untitled,,,,1440506237485,2', 1440506237513),
(16218, 216, '許展祐', 'node_edit', '6435,購買水果', 1440506247472),
(16219, 216, '許展祐', 'node_create', '6437,216,6326,untitled,,,,1440511232685,1', 1440511232756),
(16220, 216, '許展祐', 'node_create', '6438,216,6437,untitled,,,,1440514044497,1', 1440514044543),
(16221, 216, '許展祐', 'node_create', '6439,216,6438,untitled,,,,1440514119322,1', 1440514119379),
(16222, 216, '許展祐', 'node_create', '6440,216,6439,untitled,,,,1440514203278,1', 1440514203311),
(16223, 216, '許展祐', 'node_create', '6441,216,6440,untitled,,,,1440514275845,1', 1440514275918),
(16224, 216, '許展祐', 'node_create', '6442,216,6302,untitled,,,,1440556845538,1', 1440556845592),
(16225, 216, '許展祐', 'node_create', '6443,216,6435,untitled,,,,1440557057084,2', 1440557057128),
(16226, 216, '許展祐', 'node_delete', '6443', 1440557081291),
(16227, 216, '許展祐', 'node_create', '6444,216,6435,untitled,,,,1440557082906,2', 1440557082937),
(16228, 216, '許展祐', 'node_delete', '6444', 1440557185618),
(16229, 216, '許展祐', 'node_create', '6445,216,6435,untitled,,,,1440557188456,2', 1440557188492),
(16230, 216, '許展祐', 'node_delete', '6445', 1440557208728),
(16231, 216, '許展祐', 'node_create', '6446,216,6435,untitled,,,,1440557220052,2', 1440557220082),
(16232, 216, '許展祐', 'node_delete', '6446', 1440557366441),
(16233, 216, '許展祐', 'node_create', '6447,216,6435,untitled,,,,1440557369035,2', 1440557369073),
(16234, 216, '許展祐', 'node_delete', '6447', 1440557510227),
(16235, 216, '許展祐', 'node_create', '6448,216,6435,untitled,,,,1440557513198,2', 1440557513230),
(16236, 216, '許展祐', 'node_delete', '6448', 1440557545429),
(16237, 216, '許展祐', 'node_delete', '6436', 1440557548601),
(16238, 216, '許展祐', 'node_create', '6449,216,6434,untitled,,,,1440557600276,2', 1440557600317),
(16239, 216, '許展祐', 'node_create', '6450,216,6449,untitled,,,,1440557635660,2', 1440557635688),
(16240, 216, '許展祐', 'node_delete', '6449', 1440557993805),
(16241, 216, '許展祐', 'node_delete', '6437', 1440558150217),
(16242, 216, '許展祐', 'node_delete', '6442', 1440558155525),
(16243, 216, '許展祐', 'node_drag', '6322,6321,0', 1440560439187),
(16244, 216, '許展祐', 'node_drag', '6311,6321,3', 1440560454151),
(16245, 216, '許展祐', 'node_create', '6451,216,6320,untitled,,,,1440560618751,1', 1440560618791),
(16246, 216, '許展祐', 'node_delete', '6451', 1440561158117),
(16247, 216, '許展祐', 'node_create', '6452,216,6300,untitled,,,,1440561160843,1', 1440561160887),
(16248, 216, '許展祐', 'node_iconremoveall', '6302', 1440561903588),
(16249, 216, '許展祐', 'node_iconadd', '6302,mail', 1440561907661),
(16250, 216, '許展祐', 'node_create', '6453,216,6302,untitled,,,,1440562805347,1', 1440562805399),
(16251, 216, '許展祐', 'node_edit', '6453,測試用', 1440565154790),
(16252, 216, '許展祐', 'node_create', '6454,216,6453,untitled,,,,1440565158877,1', 1440565158919),
(16253, 216, '許展祐', 'node_create', '6455,216,6453,untitled,,,,1440565161580,1', 1440565161613),
(16254, 216, '許展祐', 'node_create', '6456,216,6453,untitled,,,,1440565163742,1', 1440565163792),
(16255, 216, '許展祐', 'node_edit', '6454,1', 1440565169484),
(16256, 216, '許展祐', 'node_edit', '6455,2', 1440565175274),
(16257, 216, '許展祐', 'node_edit', '6456,3', 1440565180041),
(16258, 216, '許展祐', 'node_edit', '6302,廁所1', 1440578433592),
(16259, 216, '許展祐', 'node_edit', '6454,1', 1440578446122),
(16260, 216, '許展祐', 'node_edit', '6454,1', 1440578459377),
(16261, 216, '賴俊佑', 'node_create', '6457,216,6455,untitled,,,,1440583708703,1', 1440583708781),
(16262, 216, '賴俊佑', 'node_delete', '6457', 1440583713016),
(16263, 216, '賴俊佑', 'node_create', '6458,216,6455,untitled,,,,1440583724897,1', 1440583724952),
(16264, 216, '賴俊佑', 'node_delete', '6455', 1440583730795),
(16265, 216, '賴俊佑', 'node_create', '6459,216,6453,untitled,,,,1440583735358,1', 1440583735439),
(16266, 216, '賴俊佑', 'node_edit', '6459,2', 1440583743762),
(16267, 216, '賴俊佑', 'node_edit', '6459,7', 1440586406985),
(16268, 216, '許展祐', 'node_delete', '6452', 1440653419865),
(16269, 216, '許展祐', 'node_create', '6461,216,6300,untitled,,,,1440653424204,1', 1440653424245),
(16270, 216, '許展祐', 'node_edit', '6461,整修', 1440653441091),
(16271, 216, '許展祐', 'node_create', '6462,216,6461,untitled,,,,1440653445725,1', 1440653445747),
(16272, 216, '許展祐', 'node_create', '6463,216,6461,untitled,,,,1440653448404,1', 1440653448431),
(16273, 216, '許展祐', 'node_create', '6464,216,6461,untitled,,,,1440653449927,1', 1440653449949),
(16274, 216, '許展祐', 'node_edit', '6462,拖地', 1440653456655),
(16275, 216, '許展祐', 'node_edit', '6463,粉刷', 1440653464464),
(16276, 216, '許展祐', 'node_edit', '6464,123', 1440653487868),
(16277, 216, '賴俊佑', 'node_edit', '6464,321', 1440653558134),
(16278, 216, '許展祐', 'node_create', '6465,216,6463,untitled,,,,1440653832565,1', 1440653832601),
(16279, 216, '許展祐', 'node_create', '6466,216,6465,untitled,,,,1440653834723,1', 1440653834746),
(16280, 216, '許展祐', 'node_create', '6467,216,6466,untitled,,,,1440653836120,1', 1440653836142),
(16281, 216, '賴俊佑', 'node_delete', '6465', 1440654178212),
(16282, 216, '許展祐', 'node_create', '6468,216,6463,untitled,,,,1440654199476,1', 1440654199503),
(16283, 216, '許展祐', 'node_create', '6469,216,6468,untitled,,,,1440654208366,1', 1440654208405),
(16284, 216, '許展祐', 'node_create', '6470,216,6469,untitled,,,,1440654218433,1', 1440654218447),
(16285, 216, '許展祐', 'node_create', '6471,216,6470,untitled,,,,1440654223095,1', 1440654223107),
(16286, 216, '許展祐', 'node_delete', '6468', 1440655902779),
(16287, 216, '許展祐', 'node_delete', '6464', 1440655909032),
(16288, 216, '許展祐', 'node_create', '6472,216,6461,untitled,,,,1440655912387,1', 1440655912412),
(16289, 216, '許展祐', 'node_edit', '6472,裝潢', 1440655931347),
(16290, 216, '許展祐', 'node_create', '6473,216,6461,untitled,,,,1440656883056,1', 1440656883108),
(16291, 216, '許展祐', 'node_create', '6474,216,6461,untitled,,,,1440656889442,1', 1440656889494),
(16292, 216, '許展祐', 'node_delete', '6473', 1440656904878),
(16293, 216, '許展祐', 'node_delete', '6474', 1440656909141),
(16294, 216, '許展祐', 'node_create', '6475,216,6463,untitled,,,,1440656914798,1', 1440656914814),
(16295, 216, '許展祐', 'node_create', '6476,216,6463,untitled,,,,1440656916806,1', 1440656916835),
(16296, 216, '許展祐', 'node_create', '6477,216,6476,untitled,,,,1440656925939,1', 1440656925980),
(16297, 216, '許展祐', 'node_create', '6478,216,6475,untitled,,,,1440656930823,1', 1440656930863),
(16298, 216, '許展祐', 'node_create', '6479,216,6478,untitled,,,,1440656938753,1', 1440656938778),
(16299, 216, '許展祐', 'node_create', '6480,216,6477,untitled,,,,1440656940616,1', 1440656940658),
(16300, 216, '許展祐', 'node_create', '6481,216,6479,untitled,,,,1440656949099,1', 1440656949144),
(16301, 216, '許展祐', 'node_create', '6482,216,6480,untitled,,,,1440656950725,1', 1440656950765),
(16302, 216, '許展祐', 'node_delete', '6475', 1440657072769),
(16303, 216, '許展祐', 'node_delete', '6476', 1440657075957),
(16304, 216, '許展祐', 'node_create', '6483,216,6463,untitled,,,,1440657172254,1', 1440657172296),
(16305, 216, '許展祐', 'node_create', '6484,216,6483,untitled,,,,1440657179267,1', 1440657179338),
(16306, 216, '許展祐', 'node_create', '6485,216,6484,untitled,,,,1440657181569,1', 1440657181602),
(16307, 216, '許展祐', 'node_create', '6486,216,6485,untitled,,,,1440657182792,1', 1440657182833),
(16308, 216, '許展祐', 'node_edit', '6483,1', 1440657264086),
(16309, 216, '許展祐', 'node_edit', '6484,2', 1440657350635),
(16310, 216, '許展祐', 'node_edit', '6485,3', 1440657373070),
(16311, 216, '賴俊佑', 'node_delete', '6483', 1440657485403),
(16312, 216, '許展祐', 'node_create', '6487,216,6463,untitled,,,,1440657569801,1', 1440657569839),
(16313, 216, '許展祐', 'node_edit', '6487,1', 1440657574704),
(16314, 216, '許展祐', 'node_create', '6488,216,6487,untitled,,,,1440657578184,1', 1440657578245),
(16315, 216, '許展祐', 'node_edit', '6488,2', 1440657582007),
(16316, 216, '許展祐', 'node_create', '6489,216,6488,untitled,,,,1440657585228,1', 1440657585268),
(16317, 216, '許展祐', 'node_edit', '6489,3', 1440657593069),
(16318, 216, '許展祐', 'node_delete', '6487', 1440659091038),
(16319, 216, '許展祐', 'node_create', '6491,216,6309,untitled,,,,1440665302918,2', 1440665302947),
(16320, 385, '許展祐', 'node_create', '6492,385,6460,untitled,,,,1440674489804,2', 1440674489861),
(16321, 385, '許展祐', 'node_edit', '6492,你好', 1440674513700),
(16322, 387, '許展祐', 'node_create', '6494,387,6493,untitled,,,,1440674763584,2', 1440674763607),
(16323, 387, '許展祐', 'node_create', '6495,387,6493,untitled,,,,1440674767625,1', 1440674767662),
(16324, 387, '許展祐', 'node_create', '6496,387,6493,untitled,,,,1440674769507,2', 1440674769522),
(16325, 387, '許展祐', 'node_create', '6497,387,6493,untitled,,,,1440674771558,1', 1440674771574),
(16326, 387, '許展祐', 'node_create', '6498,387,6493,untitled,,,,1440674774103,2', 1440674774128),
(16327, 387, '許展祐', 'node_create', '6499,387,6493,untitled,,,,1440674776225,1', 1440674776258),
(16328, 216, '許展祐', 'node_create', '6500,216,6453,untitled,,,,1440682438107,1', 1440682438156),
(16329, 216, '許展祐', 'node_edit', '6500,8', 1440682441838),
(16330, 216, '賴俊佑', 'node_edit', '6500,9', 1440682450390),
(16331, 216, '許展祐', 'node_create', '6501,216,6461,untitled,,,,1440682549673,1', 1440682549698),
(16332, 216, '許展祐', 'node_edit', '6501,112', 1440682556725),
(16333, 216, '許展祐', 'node_create', '6502,216,6461,untitled,,,,1440682875908,1', 1440682875965),
(16334, 216, '賴俊佑', 'node_edit', '6502,1111', 1440682892001),
(16335, 216, '許展祐', 'node_create', '6503,216,6462,untitled,,,,1440690923325,1', 1440690923355),
(16336, 216, '許展祐', 'node_create', '6504,216,6503,untitled,,,,1440690936952,1', 1440690937008),
(16337, 216, '許展祐', 'node_create', '6505,216,6504,untitled,,,,1440690941728,1', 1440690941843),
(16338, 216, '許展祐', 'node_create', '6506,216,6463,untitled,,,,1440690948405,1', 1440690948450),
(16339, 216, '許展祐', 'node_create', '6507,216,6506,untitled,,,,1440690949996,1', 1440690950034),
(16340, 216, '許展祐', 'node_create', '6508,216,6507,untitled,,,,1440690951605,1', 1440690951629),
(16341, 216, '許展祐', 'node_delete', '6462', 1440693967109),
(16342, 216, '許展祐', 'node_delete', '6463', 1440693971535),
(16343, 216, '許展祐', 'node_delete', '6502', 1440693974810),
(16344, 216, '許展祐', 'node_delete', '6501', 1440693978831),
(16345, 216, '許展祐', 'node_create', '6509,216,6461,untitled,,,,1440693980419,1', 1440693980451),
(16346, 216, '許展祐', 'node_create', '6510,216,6461,untitled,,,,1440693981783,1', 1440693981831),
(16347, 216, '許展祐', 'node_create', '6511,216,6509,untitled,,,,1440694003368,1', 1440694003410),
(16348, 216, '許展祐', 'node_create', '6512,216,6510,untitled,,,,1440694004898,1', 1440694004941),
(16349, 216, '許展祐', 'node_create', '6513,216,6511,untitled,,,,1440694187779,1', 1440694187834),
(16350, 216, '許展祐', 'node_create', '6514,216,6511,untitled,,,,1440694189046,1', 1440694189094),
(16351, 216, '許展祐', 'node_create', '6515,216,6513,untitled,,,,1440694190763,1', 1440694190804),
(16352, 216, '許展祐', 'node_create', '6516,216,6515,untitled,,,,1440694191976,1', 1440694192002),
(16353, 216, '許展祐', 'node_create', '6517,216,6516,untitled,,,,1440694193854,1', 1440694193979),
(16354, 216, '許展祐', 'node_create', '6518,216,6517,untitled,,,,1440694196659,1', 1440694196697),
(16355, 216, '許展祐', 'node_create', '6519,216,6517,untitled,,,,1440694198048,1', 1440694198096),
(16356, 216, '許展祐', 'node_create', '6520,216,6517,untitled,,,,1440694199064,1', 1440694199096),
(16357, 216, '許展祐', 'node_create', '6521,216,6517,untitled,,,,1440694200244,1', 1440694200290),
(16358, 216, '許展祐', 'node_delete', '6513', 1440695340165),
(16359, 216, '許展祐', 'node_create', '6522,216,6461,untitled,,,,1440696088895,1', 1440696088959),
(16360, 216, '許展祐', 'node_delete', '6510', 1440696221397),
(16361, 216, '許展祐', 'node_delete', '6522', 1440696224710),
(16362, 216, '許展祐', 'node_edit', '6509,1', 1440696230693),
(16363, 216, '許展祐', 'node_edit', '6509,11111', 1440696234997),
(16364, 216, '許展祐', 'node_edit', '6511,222222', 1440696239474),
(16365, 216, '許展祐', 'node_edit', '6514,333333', 1440696244272),
(16366, 216, '許展祐', 'node_iconremoveall', '6301', 1440733619676),
(16367, 216, '許展祐', 'node_iconadd', '6301,full-7', 1440733623392),
(16368, 216, '許展祐', 'node_delete', '6461', 1440745358041),
(16369, 216, '賴俊佑', 'node_drag', '6319,6453,3', 1440763402070),
(16370, 216, '賴俊佑', 'node_drag', '6300,6453,1', 1440763415510),
(16371, 216, '賴俊佑', 'node_drag', '6320,6453,3', 1440763418868),
(16372, 216, '許展祐', 'node_create', '6523,216,6456,untitled,,,,1440776989597,1', 1440776989693),
(16373, 216, '許展祐', 'node_create', '6524,216,6456,untitled,,,,1440776991494,1', 1440776991634),
(16374, 216, '許展祐', 'node_create', '6525,216,6456,untitled,,,,1440776993038,1', 1440776993054),
(16375, 216, '許展祐', 'node_create', '6526,216,6459,untitled,,,,1440776994796,1', 1440776994833),
(16376, 216, '許展祐', 'node_create', '6527,216,6459,untitled,,,,1440776997056,1', 1440776997082),
(16377, 216, '許展祐', 'node_create', '6528,216,6524,untitled,,,,1440776999150,1', 1440776999163),
(16378, 216, '許展祐', 'node_create', '6529,216,6459,untitled,,,,1440843268569,1', 1440843268608),
(16379, 216, '許展祐', 'node_create', '6530,216,6527,untitled,,,,1440843271497,1', 1440843271511),
(16380, 389, '許展祐', 'node_create', '6533,389,6532,untitled,,,,1440906478520,2', 1440906478568),
(16381, 389, '許展祐', 'node_create', '6534,389,6532,untitled,,,,1440906480929,1', 1440906480957),
(16382, 389, '許展祐', 'node_create', '6535,389,6532,untitled,,,,1440906483190,2', 1440906483225),
(16383, 389, '許展祐', 'node_create', '6536,389,6532,untitled,,,,1440906485118,1', 1440906485141),
(16384, 389, '許展祐', 'node_create', '6537,389,6532,untitled,,,,1440906486910,2', 1440906486928),
(16385, 389, '許展祐', 'node_create', '6538,389,6532,untitled,,,,1440906492311,1', 1440906492339),
(16386, 390, '許展祐', 'node_create', '6540,390,6539,untitled,,,,1440906937202,2', 1440906937231),
(16387, 390, '許展祐', 'node_create', '6541,390,6540,untitled,,,,1440906940772,2', 1440906940806),
(16388, 390, '許展祐', 'node_create', '6542,390,6541,untitled,,,,1440906945050,2', 1440906945079),
(16389, 216, '許展祐', 'node_edit', '6528,測試用', 1441176984882),
(16390, 216, '許展祐', 'node_edit', '6320,廁所2', 1441178015016),
(16391, 216, '許展祐', 'node_create', '6543,216,6528,untitled,,,,1441200123636,1', 1441200123722),
(16392, 216, '許展祐', 'node_edit', '6543,111', 1441200136099),
(16393, 216, '許展祐', 'node_create', '6544,216,6543,untitled,,,,1441242359512,1', 1441242359570),
(16394, 216, '許展祐', 'node_edit', '6544,GGGGG', 1441242373381),
(16395, 216, '許展祐', 'node_edit', '6544,QQQQQQ', 1441249433397),
(16396, 216, '許展祐', 'node_edit', '6544,QQQQQQ', 1441249436523),
(16397, 216, '許展祐', 'node_edit', '6544,QQQQQQ', 1441249437040),
(16398, 216, '許展祐', 'node_edit', '6544,QQQQQQ', 1441249437267),
(16399, 216, '許展祐', 'node_edit', '6544,QQQQQQ', 1441249437466),
(16400, 216, '許展祐', 'node_edit', '6544,QQQQQQ', 1441249437632),
(16401, 216, '許展祐', 'node_drag', '6524,6523,3', 1441258991308),
(16402, 216, '許展祐', 'node_drag', '6456,6523,3', 1441259001177),
(16403, 216, '許展祐', 'node_drag', '6525,6528,3', 1441259005639),
(16404, 216, '許展祐', 'node_create', '6545,216,6544,untitled,,,,1441260577987,1', 1441260578046),
(16405, 216, '許展祐', 'node_edit', '6544,QQQQQ', 1441283985715),
(16406, 216, '許展祐', 'node_create', '6546,216,6530,untitled,,,,1441341065079,1', 1441341065145),
(16407, 216, '許展祐', 'node_create', '6547,216,6546,untitled,,,,1441341066548,1', 1441341066599),
(16408, 216, '許展祐', 'node_create', '6548,216,6547,untitled,,,,1441341068032,1', 1441341068086),
(16409, 216, '許展祐', 'node_edit', '6545,QQQ', 1441417535009),
(16410, 216, '許展祐', 'node_edit', '6544,WWW', 1441417539752),
(16411, 216, '許展祐', 'node_edit', '6543,EEE', 1441417545060),
(16412, 216, '許展祐', 'node_iconadd', '6545,messagebox_warning', 1441423262143),
(16413, 216, '許展祐', 'node_iconremoveall', '6545', 1441423274765),
(16414, 216, '許展祐', 'node_edit', '6301,實驗室101', 1441507849965),
(16415, 216, '許展祐', 'node_create', '6549,216,6318,untitled,,,,1441508022691,2', 1441508022739),
(16416, 216, '許展祐', 'node_create', '6550,216,6549,untitled,,,,1441508024898,2', 1441508024923),
(16417, 216, '許展祐', 'node_create', '6551,216,6550,untitled,,,,1441508026243,2', 1441508026284),
(16418, 216, '許展祐', 'node_create', '6552,216,6551,untitled,,,,1441508027524,2', 1441508027541),
(16419, 216, '許展祐', 'node_create', '6553,216,6552,untitled,,,,1441508028687,2', 1441508028710),
(16420, 216, '許展祐', 'node_create', '6554,216,6553,untitled,,,,1441508029963,2', 1441508029987),
(16421, 216, '許展祐', 'node_create', '6555,216,6554,untitled,,,,1441508031062,2', 1441508031090),
(16422, 216, '許展祐', 'node_create', '6556,216,6555,untitled,,,,1441508032234,2', 1441508032257),
(16423, 216, '許展祐', 'node_create', '6557,216,6556,untitled,,,,1441508033538,2', 1441508033572),
(16424, 216, '許展祐', 'node_create', '6558,216,6557,untitled,,,,1441508034854,2', 1441508034897),
(16425, 216, '許展祐', 'node_delete', '6528', 1441508314579),
(16426, 216, '許展祐', 'node_delete', '6530', 1441508319091),
(16427, 216, '許展祐', 'node_delete', '6549', 1441509050131),
(16428, 216, '許展祐', 'node_create', '6559,216,6523,untitled,,,,1441591084021,1', 1441591084108),
(16429, 216, '許展祐', 'node_delete', '6559', 1441591088091),
(16430, 216, '許展祐', 'node_edit', '6325,整修', 1441616231138),
(16431, 216, '許展祐', 'node_edit', '6325,整修', 1441616399249),
(16432, 216, '許展祐', 'node_edit', '6325,整修', 1441616475383),
(16433, 216, '許展祐', 'node_edit', '6523,untitled', 1441616784504),
(16434, 216, '許展祐', 'node_iconadd', '6523,idea', 1441616820118),
(16435, 216, '許展祐', 'node_edit', '6523,untitled', 1441616879365),
(16436, 216, '許展祐', 'node_edit', '6320,', 1441616883158),
(16437, 216, '許展祐', 'node_edit', '6320,', 1441616892691),
(16438, 216, '許展祐', 'node_edit', '6302,廁所1', 1441620658331),
(16439, 216, '許展祐', 'node_edit', '6523,untitled', 1441620738194),
(16440, 216, '許展祐', 'node_edit', '6523,untitled', 1441621007767),
(16441, 216, '許展祐', 'node_edit', '6523,大蘋果', 1441621247447),
(16442, 216, '許展祐', 'node_create', '6560,216,6325,untitled,,,,1441622620634,1', 1441622620681),
(16443, 216, '許展祐', 'node_delete', '6560', 1441622626031),
(16444, 216, '許展祐', 'node_edit', '6325,整修好哩', 1441644968387),
(16445, 216, '許展祐', 'node_edit', '6300,地下室重建計劃', 1442024742957),
(16446, 216, '許展祐', 'node_delete', '6326', 1442054038813),
(16447, 216, '許展祐', 'node_delete', '6428', 1442054042352),
(16448, 216, '許展祐', 'node_create', '6562,216,6325,untitled,,,,1442077783647,1', 1442077783725),
(16449, 216, '許展祐', 'node_delete', '6562', 1442077790038),
(16450, 216, '許展祐', 'node_edit', '6319,休息室', 1442081119654),
(16451, 216, '許展祐', 'node_edit', '6300,地下室重建計劃', 1442081725816),
(16452, 216, '許展祐', 'node_edit', '6300,地下室重建計劃', 1442081768304),
(16453, 216, '許展祐', 'node_delete', '6523', 1442110912173),
(16454, 392, '許展祐', 'node_create', '6564,392,6563,untitled,,,,1442113068365,2', 1442113068401),
(16455, 392, '許展祐', 'node_create', '6565,392,6563,untitled,,,,1442113070023,1', 1442113070046),
(16456, 392, '許展祐', 'node_create', '6566,392,6563,untitled,,,,1442113071289,2', 1442113071323),
(16457, 392, '許展祐', 'node_create', '6567,392,6563,untitled,,,,1442113072677,1', 1442113072706),
(16458, 392, '許展祐', 'node_edit', '6563,部門擴張計畫', 1442113080979),
(16459, 392, '許展祐', 'node_edit', '6565,A部門', 1442128004320),
(16460, 392, '許展祐', 'node_edit', '6564,B部門', 1442128017188),
(16461, 392, '許展祐', 'node_edit', '6567,C部門', 1442128023539),
(16462, 392, '許展祐', 'node_edit', '6566,D部門', 1442128029842),
(16463, 392, '許展祐', 'node_edit', '6565,A部門', 1442128835400),
(16464, 392, '許展祐', 'node_edit', '6564,B部門', 1442128840252),
(16465, 392, '許展祐', 'node_edit', '6567,C部門', 1442128843730),
(16466, 392, '許展祐', 'node_edit', '6566,D部門', 1442128847543),
(16467, 392, '許展祐', 'node_create', '6568,392,6567,untitled,,,,1442129885966,1', 1442129885993),
(16468, 392, '許展祐', 'node_create', '6569,392,6567,untitled,,,,1442129890305,1', 1442129890321),
(16469, 392, '許展祐', 'node_create', '6570,392,6567,untitled,,,,1442129891879,1', 1442129891889),
(16470, 392, '許展祐', 'node_edit', '6568,咚咚', 1442129902159),
(16471, 392, '許展祐', 'node_edit', '6569,東東', 1442129910989),
(16472, 392, '許展祐', 'node_edit', '6570,將將', 1442129917336),
(16473, 392, '許展祐', 'node_delete', '6568', 1442131890108),
(16474, 392, '許展祐', 'node_delete', '6569', 1442131892956),
(16475, 392, '許展祐', 'node_delete', '6570', 1442131896590),
(16476, 392, '許展祐', 'node_edit', '6567,C部門', 1442131937907),
(16477, 392, '許展祐', 'node_create', '6571,392,6565,untitled,,,,1442133159452,1', 1442133159483),
(16478, 392, '許展祐', 'node_edit', '6571,untitled', 1442133163842),
(16479, 392, '許展祐', 'node_edit', '6571,untitled', 1442133206558),
(16480, 392, '許展祐', 'node_delete', '6571', 1442133257501),
(16481, 392, '許展祐', 'node_edit', '6565,A部門', 1442133340555),
(16482, 392, '許展祐', 'node_edit', '6565,A部門', 1442133959091),
(16483, 392, '許展祐', 'node_edit', '6565,A部門', 1442139654786),
(16484, 392, '許展祐', 'node_edit', '6565,A部門', 1442139797731),
(16485, 392, '許展祐', 'node_edit', '6565,A部門', 1442139809340),
(16486, 392, '許展祐', 'node_edit', '6565,A部門', 1442139925549),
(16487, 392, '許展祐', 'node_edit', '6565,A部門', 1442139935929),
(16488, 392, '許展祐', 'node_edit', '6565,A部門', 1442140000800),
(16489, 392, '許展祐', 'node_edit', '6565,A部門', 1442140025136),
(16490, 392, '許展祐', 'node_edit', '6565,A部門', 1442140143162),
(16491, 392, '許展祐', 'node_edit', '6565,A部門', 1442140207875),
(16492, 392, '許展祐', 'node_edit', '6565,A部門', 1442140367607),
(16493, 392, '許展祐', 'node_edit', '6565,A部門', 1442140430097),
(16494, 392, '許展祐', 'node_edit', '6565,A部門', 1442140504570),
(16495, 392, '許展祐', 'node_edit', '6565,A部門', 1442140782946),
(16496, 392, '許展祐', 'node_edit', '6565,A部門', 1442141110827),
(16497, 392, '許展祐', 'node_edit', '6565,A部門', 1442143965848),
(16498, 392, '許展祐', 'node_edit', '6565,A部門', 1442144184793),
(16499, 392, '許展祐', 'node_edit', '6565,A部門', 1442144208342),
(16500, 392, '許展祐', 'node_edit', '6565,A部門', 1442144431241),
(16501, 392, '許展祐', 'node_edit', '6565,A部門', 1442144445839),
(16502, 392, '許展祐', 'node_edit', '6565,A部門', 1442145895987),
(16503, 392, '許展祐', 'node_edit', '6565,A部門', 1442145907024),
(16504, 392, '許展祐', 'node_edit', '6565,A部門', 1442146029247),
(16505, 392, '許展祐', 'node_edit', '6565,A部門', 1442146098611),
(16506, 392, '許展祐', 'node_edit', '6565,A部門', 1442146164179),
(16507, 392, '許展祐', 'node_create', '6572,392,6565,untitled,,,,1442146171391,1', 1442146171425),
(16508, 392, '許展祐', 'node_edit', '6572,untitled', 1442146177097),
(16509, 392, '許展祐', 'node_delete', '6572', 1442146205298),
(16510, 392, '許展祐', 'node_edit', '6565,A部門', 1442146209878),
(16511, 392, '許展祐', 'node_create', '6573,392,6565,untitled,,,,1442146213059,1', 1442146213084),
(16512, 392, '許展祐', 'node_edit', '6573,untitled', 1442146217195),
(16513, 392, '許展祐', 'node_delete', '6573', 1442146331571),
(16514, 392, '許展祐', 'node_create', '6574,392,6565,untitled,,,,1442146337410,1', 1442146337457),
(16515, 392, '許展祐', 'node_edit', '6574,untitled', 1442147716573),
(16516, 392, '許展祐', 'node_edit', '6574,untitled', 1442147770767),
(16517, 392, '許展祐', 'node_delete', '6574', 1442147897950),
(16518, 392, '許展祐', 'node_create', '6575,392,6565,untitled,,,,1442147900757,1', 1442147900777),
(16519, 392, '許展祐', 'node_edit', '6575,untitled', 1442148615797),
(16520, 392, '許展祐', 'node_edit', '6575,untitled', 1442148621472),
(16521, 392, '許展祐', 'node_edit', '6575,untitled', 1442148642390),
(16522, 392, '許展祐', 'node_delete', '6575', 1442148651498),
(16523, 392, '許展祐', 'node_create', '6576,392,6565,untitled,,,,1442148653067,1', 1442148653092),
(16524, 392, '許展祐', 'node_edit', '6576,untitled', 1442148665062),
(16525, 392, '許展祐', 'node_edit', '6576,untitled', 1442148678439),
(16526, 392, '許展祐', 'node_delete', '6576', 1442148912418),
(16527, 392, '許展祐', 'node_create', '6577,392,6565,untitled,,,,1442148914195,1', 1442148914227),
(16528, 392, '許展祐', 'node_edit', '6577,untitled', 1442149032741),
(16529, 392, '許展祐', 'node_delete', '6577', 1442149044519),
(16530, 392, '許展祐', 'node_create', '6578,392,6565,untitled,,,,1442149046497,1', 1442149046538),
(16531, 392, '許展祐', 'node_edit', '6578,untitled', 1442149051151),
(16532, 392, '許展祐', 'node_delete', '6578', 1442149086758),
(16533, 392, '許展祐', 'node_create', '6579,392,6565,untitled,,,,1442149089418,1', 1442149089452),
(16534, 392, '許展祐', 'node_edit', '6579,untitled', 1442149094091),
(16535, 392, '許展祐', 'node_edit', '6579,untitled', 1442149200563),
(16536, 392, '許展祐', 'node_delete', '6579', 1442149284556),
(16537, 392, '許展祐', 'node_create', '6580,392,6565,untitled,,,,1442149286182,1', 1442149286213),
(16538, 392, '許展祐', 'node_delete', '6580', 1442149345108),
(16539, 392, '許展祐', 'node_create', '6581,392,6565,untitled,,,,1442149346389,1', 1442149346415),
(16540, 392, '許展祐', 'node_delete', '6581', 1442149538730),
(16541, 392, '許展祐', 'node_create', '6582,392,6565,untitled,,,,1442149543069,1', 1442149543090),
(16542, 392, '許展祐', 'node_edit', '6582,untitled', 1442149548397),
(16543, 392, '許展祐', 'node_delete', '6582', 1442149595943),
(16544, 392, '許展祐', 'node_create', '6583,392,6565,untitled,,,,1442149598011,1', 1442149598035),
(16545, 392, '許展祐', 'node_edit', '6583,untitled', 1442149603343),
(16546, 392, '許展祐', 'node_delete', '6583', 1442149770836),
(16547, 392, '許展祐', 'node_create', '6584,392,6565,untitled,,,,1442149772319,1', 1442149772350),
(16548, 392, '許展祐', 'node_edit', '6584,untitled', 1442149778545),
(16549, 392, '許展祐', 'node_delete', '6584', 1442149865550),
(16550, 392, '許展祐', 'node_create', '6585,392,6565,untitled,,,,1442149867378,1', 1442149867398),
(16551, 392, '許展祐', 'node_edit', '6585,untitled', 1442149872285),
(16552, 392, '許展祐', 'node_delete', '6585', 1442149882233),
(16553, 392, '許展祐', 'node_create', '6586,392,6565,untitled,,,,1442149883897,1', 1442149883954),
(16554, 392, '許展祐', 'node_edit', '6586,untitled', 1442149889361),
(16555, 392, '許展祐', 'node_delete', '6586', 1442150009798),
(16556, 392, '許展祐', 'node_create', '6587,392,6565,untitled,,,,1442150012140,1', 1442150012167),
(16557, 392, '許展祐', 'node_edit', '6587,untitled', 1442150016874),
(16558, 392, '許展祐', 'node_delete', '6587', 1442150036256),
(16559, 392, '許展祐', 'node_create', '6588,392,6565,untitled,,,,1442150064033,1', 1442150064064),
(16560, 392, '許展祐', 'node_edit', '6588,untitled', 1442150107614),
(16561, 392, '許展祐', 'node_delete', '6588', 1442150114189),
(16562, 392, '許展祐', 'node_create', '6589,392,6565,untitled,,,,1442150115520,1', 1442150115533),
(16563, 392, '許展祐', 'node_edit', '6589,untitled', 1442150119671),
(16564, 392, '許展祐', 'node_delete', '6589', 1442150152789),
(16565, 392, '許展祐', 'node_create', '6590,392,6565,untitled,,,,1442150154569,1', 1442150154592),
(16566, 392, '許展祐', 'node_edit', '6590,untitled', 1442150191196),
(16567, 392, '許展祐', 'node_delete', '6590', 1442150196032),
(16568, 392, '許展祐', 'node_create', '6591,392,6565,untitled,,,,1442150197417,1', 1442150197445),
(16569, 392, '許展祐', 'node_edit', '6591,untitled', 1442150204322),
(16570, 392, '許展祐', 'node_delete', '6591', 1442150257340),
(16571, 392, '許展祐', 'node_create', '6592,392,6565,untitled,,,,1442150258827,1', 1442150258859),
(16572, 392, '許展祐', 'node_edit', '6592,untitled', 1442150265957),
(16573, 392, '許展祐', 'node_delete', '6592', 1442150303616);
INSERT INTO `log` (`no`, `mapid`, `uname`, `action`, `content`, `time`) VALUES
(16574, 392, '許展祐', 'node_create', '6593,392,6565,untitled,,,,1442150305098,1', 1442150305132),
(16575, 392, '許展祐', 'node_edit', '6593,untitled', 1442150314721),
(16576, 392, '許展祐', 'node_create', '6594,392,6593,untitled,,,,1442154030691,1', 1442154030713),
(16577, 392, '許展祐', 'node_edit', '6593,untitled', 1442154036521),
(16578, 392, '許展祐', 'node_edit', '6594,untitled', 1442154042732),
(16579, 216, '許展祐', 'node_create', '6595,216,6524,untitled,,,,1442154146606,1', 1442154146661),
(16580, 392, '許展祐', 'node_delete', '6593', 1442154245343),
(16581, 392, '許展祐', 'node_edit', '6565,A部門', 1442155028668),
(16582, 392, '許展祐', 'node_edit', '6565,A部門', 1442155301835),
(16583, 392, '許展祐', 'node_edit', '6565,A部門', 1442155327517),
(16584, 392, '許展祐', 'node_edit', '6565,A部門', 1442155365128),
(16585, 392, '許展祐', 'node_edit', '6565,A部門', 1442155561039),
(16586, 392, '許展祐', 'node_edit', '6565,A部門', 1442157375492),
(16587, 392, '許展祐', 'node_edit', '6565,A部門', 1442187769947),
(16588, 392, '許展祐', 'node_edit', '6565,A部門', 1442187823662),
(16589, 392, '許展祐', 'node_edit', '6565,A部門', 1442188420184),
(16590, 392, '許展祐', 'node_edit', '6565,A部門', 1442188423485),
(16591, 392, '許展祐', 'node_edit', '6565,A部門', 1442188792344),
(16592, 392, '許展祐', 'node_edit', '6565,A部門', 1442189012295),
(16593, 392, '許展祐', 'node_edit', '6565,A部門', 1442189081112),
(16594, 392, '許展祐', 'node_edit', '6565,A部門', 1442189102858),
(16595, 392, '許展祐', 'node_edit', '6565,A部門', 1442189312161),
(16596, 392, '許展祐', 'node_edit', '6565,A部門', 1442189315298),
(16597, 392, '許展祐', 'node_edit', '6565,A部門', 1442190736511),
(16598, 392, '許展祐', 'node_edit', '6565,A部門', 1442191598580),
(16599, 392, '許展祐', 'node_edit', '6565,A部門', 1442191673136),
(16600, 392, '許展祐', 'node_edit', '6565,A部門', 1442191806330),
(16601, 392, '許展祐', 'node_edit', '6565,A部門', 1442191830670),
(16602, 392, '許展祐', 'node_edit', '6565,A部門', 1442191836430),
(16603, 392, '許展祐', 'node_edit', '6565,A部門', 1442196419387),
(16604, 392, '許展祐', 'node_edit', '6565,A部門', 1442196584687),
(16605, 392, '許展祐', 'node_edit', '6565,A部門', 1442196591173),
(16606, 392, '許展祐', 'node_edit', '6565,A部門', 1442196612279),
(16607, 392, '許展祐', 'node_edit', '6565,A部門', 1442196636618),
(16608, 392, '許展祐', 'node_edit', '6565,A部門', 1442196642897),
(16609, 392, '許展祐', 'node_edit', '6565,A部門', 1442196652009),
(16610, 392, '許展祐', 'node_edit', '6565,A部門', 1442196667964),
(16611, 392, '許展祐', 'node_edit', '6565,A部門', 1442196681560),
(16612, 392, '許展祐', 'node_edit', '6565,A部門', 1442196685774),
(16613, 392, '許展祐', 'node_edit', '6565,A部門', 1442196690914),
(16614, 392, '許展祐', 'node_edit', '6564,B部門', 1442196704369),
(16615, 392, '許展祐', 'node_edit', '6564,B部門', 1442196709098),
(16616, 392, '許展祐', 'node_edit', '6564,B部門', 1442196713045),
(16617, 392, '許展祐', 'node_edit', '6565,A部門', 1442196805016),
(16618, 392, '許展祐', 'node_edit', '6565,A部門', 1442196812331),
(16619, 392, '許展祐', 'node_edit', '6565,A部門', 1442196825941),
(16620, 392, '許展祐', 'node_edit', '6565,A部門', 1442196839897),
(16621, 392, '許展祐', 'node_edit', '6565,A部門', 1442196843816),
(16622, 392, '許展祐', 'node_edit', '6565,A部門', 1442196932177),
(16623, 392, '許展祐', 'node_create', '6596,392,6563,untitled,,,,1442197770671,2', 1442197770735),
(16624, 392, '許展祐', 'node_edit', '6596,untitled', 1442197777358),
(16625, 392, '許展祐', 'node_edit', '6596,E部門', 1442197792240),
(16626, 392, '許展祐', 'node_create', '6597,392,6563,untitled,,,,1442197802290,1', 1442197802325),
(16627, 392, '許展祐', 'node_edit', '6565,A部門', 1442198710631),
(16628, 392, '許展祐', 'node_edit', '6564,B部門', 1442222427012),
(16629, 392, '許展祐', 'node_edit', '6565,A部門', 1442222502926),
(16630, 392, '許展祐', 'node_delete', '6597', 1442222664586),
(16631, 392, '許展祐', 'node_edit', '6565,A部門', 1442223851828),
(16632, 392, '許展祐', 'node_edit', '6565,A部門', 1442227094586),
(16633, 392, '許展祐', 'node_delete', '6596', 1442227147104),
(16634, 392, '許展祐', 'node_edit', '6566,D部門', 1442227160044),
(16635, 392, '許展祐', 'node_edit', '6567,C部門', 1442227203051),
(16636, 392, '許展祐', 'node_edit', '6567,C部門', 1442227241034),
(16637, 392, '許展祐', 'node_edit', '6565,A部門', 1442227369083),
(16638, 392, '許展祐', 'node_edit', '6565,A部門', 1442227421572),
(16639, 392, '許展祐', 'node_edit', '6565,A部門', 1442227889459),
(16640, 392, '許展祐', 'node_edit', '6567,C部門', 1442227935846),
(16641, 392, '許展祐', 'node_edit', '6564,B部門', 1442227945500),
(16642, 392, '許展祐', 'node_edit', '6565,A部門', 1442236535140),
(16643, 392, '許展祐', 'node_edit', '6567,C部門', 1442236565950),
(16644, 392, '許展祐', 'node_edit', '6564,B部門', 1442236569483),
(16645, 392, '許展祐', 'node_edit', '6566,D部門', 1442236574913),
(16646, 392, '許展祐', 'node_edit', '6565,A部門', 1442236580276),
(16647, 392, '許展祐', 'node_edit', '6565,A部門', 1442236627905),
(16648, 392, '許展祐', 'node_edit', '6565,A部門', 1442236748773),
(16649, 392, '許展祐', 'node_edit', '6565,A部門', 1442237121453),
(16650, 392, '許展祐', 'node_edit', '6565,A部門', 1442237384302),
(16651, 392, '許展祐', 'node_edit', '6565,A部門', 1442237390949),
(16652, 392, '許展祐', 'node_edit', '6565,A部門', 1442237409650),
(16653, 392, '許展祐', 'node_edit', '6565,A部門', 1442237415051),
(16654, 392, '許展祐', 'node_edit', '6567,C部門', 1442237641797),
(16655, 392, '許展祐', 'node_edit', '6567,C部門', 1442237693450),
(16656, 392, '許展祐', 'node_edit', '6565,A部門', 1442237746255),
(16657, 392, '許展祐', 'node_edit', '6564,B部門', 1442237753918),
(16658, 392, '許展祐', 'node_edit', '6567,C部門', 1442237760134),
(16659, 392, '許展祐', 'node_edit', '6566,D部門', 1442237765645),
(16660, 392, '許展祐', 'node_edit', '6565,A部門', 1442237779297),
(16661, 392, '許展祐', 'node_edit', '6564,B部門', 1442239798998),
(16662, 392, '許展祐', 'node_edit', '6566,D部門', 1442239809045),
(16663, 392, '許展祐', 'node_edit', '6567,C部門', 1442239814691),
(16664, 392, '許展祐', 'node_edit', '6565,A部門', 1442239900119),
(16665, 392, '許展祐', 'node_edit', '6567,C部門', 1442241835008),
(16666, 392, '許展祐', 'node_edit', '6565,A部門', 1442250349404),
(16667, 392, '許展祐', 'node_edit', '6565,A部門', 1442250408055),
(16668, 392, '許展祐', 'node_edit', '6564,B部門', 1442250413420),
(16669, 392, '許展祐', 'node_edit', '6566,D部門', 1442250418869),
(16670, 392, '許展祐', 'node_edit', '6567,C部門', 1442250423199),
(16671, 392, '許展祐', 'node_create', '6599,392,6565,untitled,,,,1442271494138,1,', 1442271494168),
(16672, 392, '許展祐', 'node_edit', '6565,A部門', 1442273567080),
(16673, 392, '許展祐', 'node_delete', '6599', 1442279323232),
(16674, 392, '許展祐', 'node_edit', '6563,部門擴張計畫', 1442361888147),
(16675, 392, '許展祐', 'node_edit', '6564,B部門', 1442368948298),
(16676, 392, '許展祐', 'node_edit', '6565,A部門', 1442369028801),
(16677, 392, '許展祐', 'node_edit', '6565,A部門', 1442369603602),
(16678, 392, '許展祐', 'node_edit', '6563,部門擴張計畫', 1442373757829),
(16679, 392, '許展祐', 'node_edit', '6563,部門擴張計畫', 1442373761206),
(16680, 392, '許展祐', 'node_edit', '6564,B部門', 1442373916163),
(16681, 392, '許展祐', 'node_edit', '6567,C部門', 1442373934908),
(16682, 392, '許展祐', 'node_edit', '6566,D部門', 1442373944811),
(16683, 392, '許展祐', 'node_edit', '6565,A部門', 1442375968516),
(16684, 392, '許展祐', 'node_edit', '6564,B部門', 1442375980433),
(16685, 392, '許展祐', 'node_edit', '6567,C部門', 1442375990582),
(16686, 392, '許展祐', 'node_edit', '6566,D部門', 1442375997866),
(16687, 392, '許展祐', 'node_edit', '6566,D部門', 1442378700168),
(16688, 392, '許展祐', 'node_edit', '6566,D部門', 1442378727042),
(16689, 392, '許展祐', 'node_edit', '6567,C部門', 1442385123038),
(16690, 392, '許展祐', 'node_edit', '6565,A部門', 1442385126096),
(16691, 392, '許展祐', 'node_edit', '6564,B部門', 1442385129229),
(16692, 392, '許展祐', 'node_edit', '6565,A部門', 1442385147696),
(16693, 392, '許展祐', 'node_edit', '6565,A部門', 1442385165031),
(16694, 392, '許展祐', 'node_edit', '6565,A部門', 1442393900663),
(16695, 392, '許展祐', 'node_edit', '6565,A部門', 1442408870860),
(16696, 392, '許展祐', 'node_edit', '6565,A部門', 1442561934701),
(16697, 392, '許展祐', 'node_edit', '6566,D部門', 1442561946080),
(16698, 392, '許展祐', 'node_edit', '6567,C部門', 1442561968305),
(16699, 392, '許展祐', 'node_create', '6600,392,6566,untitled,,,,1442562289148,2,', 1442562289171),
(16700, 392, '許展祐', 'node_edit', '6600,買地瓜', 1442562317905),
(16701, 393, '許展祐', 'node_create', '6602,393,6601,untitled,,,,1442562788929,2,', 1442562788966),
(16702, 392, '許展祐', 'node_edit', '6565,A部門', 1442568597517),
(16703, 392, '許展祐', 'node_edit', '6600,買地瓜', 1442568640765),
(16704, 392, '許展祐', 'node_edit', '6566,D部門', 1442568651423),
(16705, 392, '許展祐', 'node_edit', '6565,A部門', 1442568672114),
(16706, 392, '許展祐', 'node_edit', '6565,A', 1442579986454),
(16707, 392, '許展祐', 'node_edit', '6564,B', 1442579990057),
(16708, 392, '許展祐', 'node_edit', '6566,D', 1442579993713),
(16709, 392, '許展祐', 'node_edit', '6567,C', 1442579997657),
(16710, 392, '許展祐', 'node_delete', '6600', 1442580001737),
(16711, 216, '許展祐', 'node_create', '6603,216,6524,untitled,,,,1442636059576,1,', 1442636059707),
(16712, 216, '許展祐', 'node_create', '6604,216,6603,untitled,,,,1442636061788,1,', 1442636061821),
(16713, 216, '許展祐', 'node_create', '6605,216,6456,untitled,,,,1442636066421,1,', 1442636066464),
(16714, 216, '許展祐', 'node_delete', '6456', 1442636071495),
(16715, 216, '許展祐', 'node_delete', '6459', 1442636075393),
(16716, 392, '許展祐', 'node_create', '6606,392,6565,untitled,,,,1442636593946,1,', 1442636594038),
(16717, 392, '許展祐', 'node_edit', '6606,買東西', 1442636605614),
(16718, 392, '許展祐', 'node_edit', '6606,買東西', 1442636620838),
(16719, 392, '許展祐', 'node_delete', '6606', 1442636646586),
(16720, 392, '許展祐', 'node_create', '6607,392,6565,untitled,,,,1442636662300,1,', 1442636662338),
(16721, 392, '許展祐', 'node_create', '6608,392,6565,untitled,,,,1442636664754,1,', 1442636664782),
(16722, 392, '許展祐', 'node_create', '6609,392,6565,untitled,,,,1442636666404,1,', 1442636666430),
(16723, 392, '許展祐', 'node_delete', '6608', 1442636672568),
(16724, 392, '許展祐', 'node_delete', '6607', 1442636676185),
(16725, 392, '許展祐', 'node_delete', '6609', 1442636679139),
(16726, 392, '許展祐', 'node_create', '6610,392,6565,untitled,,,,1442636681879,1,', 1442636681913),
(16727, 392, '許展祐', 'node_create', '6611,392,6610,untitled,,,,1442636683522,1,', 1442636683548),
(16728, 392, '許展祐', 'node_create', '6612,392,6610,untitled,,,,1442636684635,1,', 1442636684666),
(16729, 392, '許展祐', 'node_create', '6613,392,6610,untitled,,,,1442636686518,1,', 1442636686530),
(16730, 392, '許展祐', 'node_delete', '6610', 1442636698643),
(16731, 392, '許展祐', 'node_edit', '6563,部門擴張', 1442735679073),
(16732, 384, '許展祐', 'node_create', '6614,384,6433,untitled,,,,1442740077447,2,', 1442740077558),
(16733, 384, '許展祐', 'node_create', '6615,384,6433,untitled,,,,1442740079591,1,', 1442740079750),
(16734, 384, '許展祐', 'node_create', '6616,384,6433,untitled,,,,1442740081339,2,', 1442740081364),
(16735, 384, '許展祐', 'node_create', '6617,384,6433,untitled,,,,1442740086228,1,', 1442740086247),
(16736, 384, '許展祐', 'node_create', '6618,384,6433,untitled,,,,1442740087463,2,', 1442740087476),
(16737, 384, '許展祐', 'node_create', '6619,384,6433,untitled,,,,1442740089234,1,', 1442740089259),
(16738, 384, '許展祐', 'node_create', '6620,384,6433,untitled,,,,1442740091118,2,', 1442740091138),
(16739, 384, '許展祐', 'node_create', '6621,384,6433,untitled,,,,1442740092324,1,', 1442740092358),
(16740, 384, '許展祐', 'node_create', '6622,384,6433,untitled,,,,1442740093432,2,', 1442740093447),
(16741, 392, '許展祐', 'node_edit', '6564,B', 1442882194591),
(16742, 397, '許展祐', 'node_create', '6627,397,6626,untitled,,,,1442882291776,2,', 1442882291827),
(16743, 397, '許展祐', 'node_delete', '6627', 1442882332878),
(16744, 397, '許展祐', 'node_create', '6628,397,6626,untitled,,,,1442882390942,2,', 1442882390950),
(16745, 397, '許展祐', 'node_create', '6629,397,6626,untitled,,,,1442882391897,1,', 1442882391921),
(16746, 397, '許展祐', 'node_create', '6630,397,6626,untitled,,,,1442882392885,2,', 1442882392901),
(16747, 397, '許展祐', 'node_create', '6631,397,6626,untitled,,,,1442882393857,1,', 1442882393869),
(16748, 392, '許展祐', 'node_edit', '6565,A', 1443086533635),
(16749, 392, '許展祐', 'node_create', '6632,392,6564,untitled,,,,1443110617679,2,', 1443110617786),
(16750, 392, '許展祐', 'node_create', '6633,392,6566,untitled,,,,1443110812984,2,', 1443110813010),
(16751, 392, '許展祐', 'node_create', '6634,392,6566,untitled,,,,1443110898719,2,', 1443110898743),
(16752, 392, '許展祐', 'node_create', '6635,392,6634,untitled,,,,1443110963375,2,', 1443110963385),
(16753, 392, '許展祐', 'node_delete', '6564', 1443193630481),
(16754, 392, '許展祐', 'node_delete', '6634', 1443193636605),
(16755, 392, '許展祐', 'node_delete', '6633', 1443193640064),
(16756, 392, '許展祐', 'node_create', '6636,392,6563,untitled,,,,1443193644359,2,', 1443193644382),
(16757, 392, '許展祐', 'node_edit', '6636,SSS', 1443193678017),
(16758, 392, '許展祐', 'node_create', '6637,392,6565,untitled,,,,1444543327558,1,', 1444543327632),
(16759, 392, '許展祐', 'node_create', '6638,392,6637,untitled,,,,1444543330037,1,', 1444543330075),
(16760, 392, '許展祐', 'node_create', '6639,392,6637,untitled,,,,1444543333209,1,', 1444543333275),
(16761, 392, '許展祐', 'node_delete', '6637', 1444543399417),
(16762, 398, 'Ben', 'node_create', '6641,398,6640,untitled,,,,1444544570044,2,', 1444544570168),
(16763, 398, 'Ben', 'node_create', '6642,398,6640,untitled,,,,1444544571785,1,', 1444544571810),
(16764, 398, 'Ben', 'node_create', '6643,398,6640,untitled,,,,1444544573605,2,', 1444544573673),
(16765, 398, 'Ben', 'node_create', '6644,398,6640,untitled,,,,1444544575037,1,', 1444544575153),
(16766, 398, 'Ben', 'node_iconadd', '6643,button_ok', 1444544681517),
(16767, 398, 'Ben', 'node_drag', '6641,6643,4', 1444544726066),
(16768, 398, 'Ben', 'node_drag', '6642,6643,3', 1444544730774),
(16769, 398, 'Ben', 'node_drag', '6642,6641,4', 1444544732764),
(16770, 398, 'Ben', 'node_drag', '6642,6644,3', 1444544733748),
(16771, 398, 'Ben', 'node_drag', '6644,6641,4', 1444544734823),
(16772, 398, 'Ben', 'node_drag', '6643,6641,3', 1444544736488),
(16773, 398, 'Ben', 'node_drag', '6643,6644,4', 1444544739002),
(16774, 398, 'Ben', 'node_drag', '6644,6643,3', 1444544740061),
(16775, 398, 'Ben', 'node_drag', '6642,6643,4', 1444544743628),
(16776, 398, 'Ben', 'node_drag', '6641,6642,4', 1444544745108),
(16777, 398, 'Ben', 'node_drag', '6644,6641,4', 1444544746335),
(16778, 398, 'Ben', 'node_create', '6645,398,6640,untitled,,,,1444544801991,2,', 1444544802083),
(16779, 398, 'Ben', 'node_create', '6646,398,6640,untitled,,,,1444544806227,1,', 1444544806261),
(16780, 398, 'Ben', 'node_create', '6647,398,6640,untitled,,,,1444544807371,2,', 1444544807386),
(16781, 398, 'Ben', 'node_create', '6648,398,6640,untitled,,,,1444544808877,1,', 1444544808939),
(16782, 398, 'Ben', 'node_drag', '6646,6647,3', 1444544810009),
(16783, 398, 'Ben', 'node_drag', '6646,6645,3', 1444544811568),
(16784, 398, 'Ben', 'node_drag', '6645,6648,3', 1444544812719),
(16785, 398, 'Ben', 'node_drag', '6647,6645,3', 1444544815520),
(16786, 398, 'Ben', 'node_drag', '6646,6645,3', 1444544817639),
(16787, 398, 'Ben', 'node_drag', '6647,6648,3', 1444544818958),
(16788, 398, 'Ben', 'node_drag', '6648,6645,4', 1444544819702),
(16789, 398, 'Ben', 'node_drag', '6645,6648,3', 1444544821518),
(16790, 398, 'Ben', 'node_drag', '6640,6646,2', 1444544863421),
(16791, 398, 'Ben', 'node_drag', '6640,6647,1', 1444544866806),
(16792, 398, 'Ben', 'node_drag', '6647,6646,3', 1444544871043),
(16793, 398, 'Ben', 'node_drag', '6647,6646,4', 1444544873965),
(16794, 398, 'Ben', 'node_drag', '6646,6647,3', 1444544875204),
(16795, 398, 'Ben', 'node_create', '6649,398,6640,untitled,,,,1444544897822,2,', 1444544897850),
(16796, 398, 'Ben', 'node_create', '6650,398,6640,untitled,,,,1444544899366,1,', 1444544899383),
(16797, 398, 'Ben', 'node_create', '6651,398,6640,untitled,,,,1444544901020,2,', 1444544901096),
(16798, 398, 'Ben', 'node_create', '6652,398,6640,untitled,,,,1444544903004,1,', 1444544903040),
(16799, 398, 'Ben', 'node_edit', '6649,0', 1444545143869),
(16800, 398, 'Ben', 'node_edit', '6651,1', 1444545149621),
(16801, 398, 'Ben', 'node_edit', '6650,2', 1444545154479),
(16802, 398, 'Ben', 'node_edit', '6652,3', 1444545158398),
(16803, 398, 'Ben', 'node_drag', '6649,6651,4', 1444545171288),
(16804, 398, 'Ben', 'node_drag', '6649,6650,4', 1444545175230),
(16805, 398, 'Ben', 'node_drag', '6649,6652,4', 1444545177105),
(16806, 398, 'Ben', 'node_drag', '6652,6651,4', 1444545180012),
(16807, 398, 'Ben', 'node_drag', '6652,6649,4', 1444545181265),
(16808, 398, 'Ben', 'node_drag', '6649,6652,3', 1444545182214),
(16809, 398, 'Ben', 'node_drag', '6652,6651,3', 1444545185042),
(16810, 398, 'Ben', 'node_drag', '6651,6650,3', 1444545187057),
(16811, 398, 'Ben', 'node_edit', '6649,000', 1444545190261),
(16812, 398, 'Ben', 'node_edit', '6652,333', 1444545194823),
(16813, 398, 'Ben', 'node_edit', '6651,111', 1444545200741),
(16814, 398, 'Ben', 'node_edit', '6650,222', 1444545205190),
(16815, 398, 'Ben', 'node_drag', '6652,6650,4', 1444545212024),
(16816, 398, 'Ben', 'node_drag', '6650,6651,4', 1444545213021),
(16817, 398, 'Ben', 'node_drag', '6651,6652,3', 1444545214101),
(16818, 398, 'Ben', 'node_drag', '6652,6650,4', 1444545215260),
(16819, 398, 'Ben', 'node_create', '6653,398,6640,untitled,,,,1444545229345,1,', 1444545229376),
(16820, 398, 'Ben', 'node_edit', '6653,111', 1444545234439),
(16821, 398, 'Ben', 'node_drag', '6649,6653,3', 1444545245956),
(16822, 398, 'Ben', 'node_drag', '6649,6653,4', 1444545248177),
(16823, 398, 'Ben', 'node_drag', '6649,6653,4', 1444545253165),
(16824, 398, 'Ben', 'node_drag', '6649,6653,4', 1444545260749),
(16825, 398, 'Ben', 'node_drag', '6640,6653,2', 1444545268807),
(16826, 398, 'Ben', 'node_drag', '6649,6653,4', 1444545277829),
(16827, 398, 'Ben', 'node_drag', '6640,6649,1', 1444545284307),
(16828, 398, 'Ben', 'node_drag', '6640,6649,2', 1444545290648),
(16829, 398, 'Ben', 'node_drag', '6640,6653,1', 1444545292776),
(16830, 398, 'Ben', 'node_drag', '6640,6649,1', 1444545297040),
(16831, 398, 'Ben', 'node_drag', '6649,6653,3', 1444545299511),
(16832, 398, 'Ben', 'node_drag', '6649,6653,4', 1444545313407),
(16833, 398, 'Ben', 'node_create', '6654,398,6653,untitled,,,,1444545316961,1,', 1444545316986),
(16834, 398, 'Ben', 'node_edit', '6654,untitled00', 1444545499902),
(16835, 398, 'Ben', 'node_edit', '6649,0000', 1444545553237),
(16836, 398, 'Ben', 'node_edit', '6654,111', 1444545557582),
(16837, 398, 'Ben', 'node_drag', '6649,6654,4', 1444545559729),
(16838, 399, '巫柏萱', 'node_create', '6666,399,6665,untitled,,,,1444709961902,2,', 1444709961930),
(16839, 399, '巫柏萱', 'node_create', '6667,399,6665,untitled,,,,1444709963435,1,', 1444709963475),
(16840, 399, '巫柏萱', 'node_create', '6668,399,6665,untitled,,,,1444709965172,2,', 1444709965197),
(16841, 399, '巫柏萱', 'node_create', '6669,399,6665,untitled,,,,1444709966924,1,', 1444709966949),
(16842, 399, '巫柏萱', 'node_edit', '6666,人力資源室', 1444709977012),
(16843, 399, '巫柏萱', 'node_create', '6670,399,6666,untitled,,,,1444710009209,2,', 1444710009270),
(16844, 399, '巫柏萱', 'node_edit', '6670,完成國家品質獎案申請獲獎', 1444710023727),
(16845, 399, '巫柏萱', 'node_create', '6671,399,6670,untitled,,,,1444710054016,2,', 1444710054175),
(16846, 399, '巫柏萱', 'node_edit', '6671,目標:完成評核與獲獎', 1444710066732),
(16847, 399, '巫柏萱', 'node_edit', '6668,預算', 1444710083611),
(16848, 399, '巫柏萱', 'node_drag', '6666,6668,3', 1444710088091),
(16849, 399, '巫柏萱', 'node_create', '6672,399,6666,untitled,,,,1444710090968,2,', 1444710090995),
(16850, 399, '巫柏萱', 'node_edit', '6672,甄選費用及流程', 1444710101346),
(16851, 399, '巫柏萱', 'node_edit', '6672,甄選作業及流程', 1444710118431),
(16852, 399, '巫柏萱', 'node_create', '6673,399,6666,untitled,,,,1444710126357,2,', 1444710126386),
(16853, 399, '巫柏萱', 'node_edit', '6673,執行紀錄', 1444710132891),
(16854, 399, '巫柏萱', 'node_create', '6674,399,6666,untitled,,,,1444710137987,2,', 1444710138012),
(16855, 399, '巫柏萱', 'node_edit', '6674,未來發展', 1444710142960),
(16856, 399, '巫柏萱', 'node_create', '6675,399,6665,untitled,,,,1444710151417,2,', 1444710151436),
(16857, 399, '巫柏萱', 'node_edit', '6675,完成102年度教育訓練計畫', 1444710158952),
(16858, 399, '巫柏萱', 'node_edit', '6667,2015部門目標', 1444710177148),
(16859, 399, '巫柏萱', 'node_create', '6676,399,6667,untitled,,,,1444710191511,1,', 1444710191583),
(16860, 399, '巫柏萱', 'node_create', '6677,399,6667,untitled,,,,1444710193090,1,', 1444710193172),
(16861, 399, '巫柏萱', 'node_create', '6678,399,6667,untitled,,,,1444710194480,1,', 1444710194548),
(16862, 399, '巫柏萱', 'node_create', '6679,399,6667,untitled,,,,1444710196080,1,', 1444710196163),
(16863, 399, '巫柏萱', 'node_create', '6680,399,6667,untitled,,,,1444710197554,1,', 1444710197622),
(16864, 399, '巫柏萱', 'node_iconadd', '6676,full-1', 1444710202355),
(16865, 399, '巫柏萱', 'node_iconadd', '6677,full-2', 1444710205825),
(16866, 399, '巫柏萱', 'node_iconadd', '6678,full-3', 1444710209310),
(16867, 399, '巫柏萱', 'node_iconadd', '6679,full-4', 1444710212330),
(16868, 399, '巫柏萱', 'node_iconadd', '6680,full-5', 1444710216012),
(16869, 399, '巫柏萱', 'node_edit', '6669,部門績效', 1444710220859),
(16870, 399, '巫柏萱', 'node_create', '6681,399,6669,untitled,,,,1444711900393,1,', 1444711900482),
(16871, 399, '巫柏萱', 'node_edit', '6681,台灣各部門KPI總值達43%', 1444711914331),
(16872, 399, '巫柏萱', 'node_edit', '6681,台灣各部門KPI達成率43%', 1444711944458),
(16873, 399, '巫柏萱', 'node_edit', '6676,補助案', 1444711963287),
(16874, 399, '巫柏萱', 'node_edit', '6677,自辦案', 1444711968814),
(16875, 399, '巫柏萱', 'node_edit', '6678,人力資源導ERP(柯先生)', 1444711986358),
(16876, 399, '巫柏萱', 'node_edit', '6679,蒐集年度資料來源', 1444712001325),
(16877, 399, '巫柏萱', 'node_edit', '6680,成果發表會', 1444712018310),
(16878, 399, '巫柏萱', 'node_create', '6682,399,6676,untitled,,,,1444712032842,1,', 1444712032909),
(16879, 399, '巫柏萱', 'node_create', '6683,399,6676,untitled,,,,1444712034639,1,', 1444712034712),
(16880, 399, '巫柏萱', 'node_edit', '6682,二月初送審', 1444712043152),
(16881, 399, '巫柏萱', 'node_edit', '6683,3月中課程展開~11月初', 1444712057507),
(16882, 399, '巫柏萱', 'node_create', '6684,399,6682,untitled,,,,1444712067162,1,', 1444712067205),
(16883, 399, '巫柏萱', 'node_edit', '6684,實際以政府公告為準', 1444712084703),
(16884, 399, '巫柏萱', 'node_iconadd', '6669,flag', 1444712110793),
(16885, 399, '巫柏萱', 'node_iconadd', '6667,flag', 1444712119563),
(16886, 399, '巫柏萱', 'node_iconremoveall', '6669', 1444712132389),
(16887, 399, '巫柏萱', 'node_iconadd', '6669,button_ok', 1444712139288),
(16888, 399, '巫柏萱', 'node_iconadd', '6666,gohome', 1444712146997),
(16889, 399, '巫柏萱', 'node_iconadd', '6675,idea', 1444712164106),
(16890, 399, '巫柏萱', 'node_create', '6685,399,6677,untitled,,,,1444712184989,1,', 1444712185056),
(16891, 399, '巫柏萱', 'node_edit', '6685,103年一月~十一月初', 1444712195462),
(16892, 399, '巫柏萱', 'node_create', '6686,399,6680,untitled,,,,1444712209635,1,', 1444712209706),
(16893, 399, '巫柏萱', 'node_edit', '6686,預計103年11月9', 1444712218196),
(16894, 399, '巫柏萱', 'node_create', '6687,399,6681,untitled,,,,1444712237214,1,', 1444712237244),
(16895, 399, '巫柏萱', 'node_create', '6688,399,6681,untitled,,,,1444712239054,1,', 1444712239090),
(16896, 399, '巫柏萱', 'node_create', '6689,399,6681,untitled,,,,1444712256555,1,', 1444712256591),
(16897, 399, '巫柏萱', 'node_edit', '6689,品保部', 1444712264556),
(16898, 399, '巫柏萱', 'node_edit', '6688,人力資源部', 1444712270540),
(16899, 399, '巫柏萱', 'node_edit', '6687,業務部', 1444712285226),
(16900, 399, '巫柏萱', 'node_iconadd', '6687,back', 1444712295245),
(16901, 399, '巫柏萱', 'node_iconadd', '6688,back', 1444712302107),
(16902, 399, '巫柏萱', 'node_iconadd', '6689,back', 1444712305139),
(16903, 399, '巫柏萱', 'node_create', '6690,399,6687,untitled,,,,1444712341510,1,', 1444712341569),
(16904, 399, '巫柏萱', 'node_create', '6691,399,6687,untitled,,,,1444712343796,1,', 1444712343838),
(16905, 399, '巫柏萱', 'node_edit', '6690,今年目標', 1444712349744),
(16906, 399, '巫柏萱', 'node_edit', '6691,明年課程需求', 1444712365697),
(16907, 399, '巫柏萱', 'node_create', '6692,399,6690,untitled,,,,1444712387250,1,', 1444712387287),
(16908, 399, '巫柏萱', 'node_create', '6693,399,6690,untitled,,,,1444712389398,1,', 1444712389426),
(16909, 399, '巫柏萱', 'node_edit', '6693,原物料庫存90%', 1444712397556),
(16910, 399, '巫柏萱', 'node_edit', '6692,每人產值達成率96.5%', 1444712410528),
(16911, 399, '巫柏萱', 'node_create', '6694,399,6691,untitled,,,,1444712431206,1,', 1444712431282),
(16912, 399, '巫柏萱', 'node_create', '6695,399,6691,untitled,,,,1444712432671,1,', 1444712432786),
(16913, 399, '巫柏萱', 'node_edit', '6694,達到KPI', 1444712441350),
(16914, 399, '巫柏萱', 'node_edit', '6695,職能落差分析', 1444712453805),
(16915, 399, '巫柏萱', 'node_create', '6696,399,6688,untitled,,,,1444712483660,1,', 1444712483696),
(16916, 399, '巫柏萱', 'node_create', '6697,399,6688,untitled,,,,1444712485428,1,', 1444712485457),
(16917, 399, '巫柏萱', 'node_create', '6698,399,6689,untitled,,,,1444712486802,1,', 1444712486838),
(16918, 399, '巫柏萱', 'node_create', '6699,399,6689,untitled,,,,1444712488336,1,', 1444712488387),
(16919, 399, '巫柏萱', 'node_edit', '6696,今年目標', 1444712493910),
(16920, 399, '巫柏萱', 'node_edit', '6697,明年課程需求', 1444712499928),
(16921, 399, '巫柏萱', 'node_create', '6700,399,6696,untitled,,,,1444712520827,1,', 1444712520871),
(16922, 399, '巫柏萱', 'node_create', '6701,399,6696,untitled,,,,1444712522167,1,', 1444712522205),
(16923, 399, '巫柏萱', 'node_edit', '6700,國家訓練品質得獎', 1444712536901),
(16924, 399, '巫柏萱', 'node_edit', '6701,TTQS金牌', 1444712546189),
(16925, 399, '巫柏萱', 'node_edit', '6701,TTQS金牌', 1444712546603),
(16926, 399, '巫柏萱', 'node_edit', '6698,今年目標', 1444712576047),
(16927, 399, '巫柏萱', 'node_edit', '6699,明年課程需求', 1444712583247),
(16928, 399, '巫柏萱', 'node_create', '6702,399,6697,untitled,,,,1444712604293,1,', 1444712604330),
(16929, 399, '巫柏萱', 'node_create', '6703,399,6697,untitled,,,,1444712605715,1,', 1444712605747),
(16930, 399, '巫柏萱', 'node_create', '6704,399,6697,untitled,,,,1444712608235,1,', 1444712608266),
(16931, 399, '巫柏萱', 'node_edit', '6702,升遷制度', 1444712613592),
(16932, 399, '巫柏萱', 'node_edit', '6703,法規實務', 1444712627183),
(16933, 399, '巫柏萱', 'node_edit', '6704,建立各職位學習地圖', 1444712645797),
(16934, 399, '巫柏萱', 'node_create', '6705,399,6698,untitled,,,,1444712656972,1,', 1444712657008),
(16935, 399, '巫柏萱', 'node_create', '6706,399,6698,untitled,,,,1444712658392,1,', 1444712658435),
(16936, 399, '巫柏萱', 'node_edit', '6705,職能落差分析', 1444712664238),
(16937, 399, '巫柏萱', 'node_edit', '6705,異常件數<85', 1444712719789),
(16938, 399, '巫柏萱', 'node_edit', '6706,客戶訴訟<10', 1444712729003),
(16939, 399, '巫柏萱', 'node_create', '6707,399,6675,untitled,,,,1444712800001,2,', 1444712800029),
(16940, 399, '巫柏萱', 'node_create', '6708,399,6675,untitled,,,,1444712801413,2,', 1444712801494),
(16941, 399, '巫柏萱', 'node_edit', '6707,53堂課', 1444712807156),
(16942, 399, '巫柏萱', 'node_edit', '6708,301小時', 1444712812321),
(16943, 399, '巫柏萱', 'node_create', '6709,399,6675,untitled,,,,1444712840595,2,', 1444712840625),
(16944, 399, '巫柏萱', 'node_edit', '6709,確定補助費用350940元', 1444712850631),
(16945, 399, '巫柏萱', 'node_iconadd', '6709,messagebox_warning', 1444712856893),
(16946, 400, '巫柏萱', 'node_create', '6711,400,6710,untitled,,,,1444713203259,2,', 1444713203328),
(16947, 400, '巫柏萱', 'node_delete', '6711', 1444713208696),
(16948, 400, '巫柏萱', 'node_edit', '6710,各部門計畫案', 1444713495425),
(16949, 400, '巫柏萱', 'node_delete', '6712', 1444713802867),
(16950, 400, '巫柏萱', 'node_create', '6722,400,6710,untitled,,,,1444713811999,2,', 1444713812064),
(16951, 400, '巫柏萱', 'node_create', '6723,400,6710,untitled,,,,1444713817499,1,', 1444713817564),
(16952, 400, '巫柏萱', 'node_create', '6724,400,6710,untitled,,,,1444713819122,2,', 1444713819190),
(16953, 400, '巫柏萱', 'node_create', '6725,400,6710,untitled,,,,1444713820568,1,', 1444713820605),
(16954, 400, '巫柏萱', 'node_edit', '6722,A部門', 1444713851209),
(16955, 400, '巫柏萱', 'node_edit', '6724,B部門', 1444713856995),
(16956, 400, '巫柏萱', 'node_edit', '6723,C部門', 1444713863517),
(16957, 400, '巫柏萱', 'node_edit', '6725,D部門', 1444713868650),
(16958, 400, '巫柏萱', 'node_edit', '6722,A部門', 1444713892419),
(16959, 400, '巫柏萱', 'node_edit', '6724,B部門', 1444713926577),
(16960, 400, '巫柏萱', 'node_edit', '6723,C部門', 1444713956695),
(16961, 400, '巫柏萱', 'node_edit', '6725,D部門', 1444713974892),
(16962, 400, '巫柏萱', 'node_edit', '6722,A部門', 1444714034490),
(16963, 400, '巫柏萱', 'node_edit', '6724,B部門', 1444714043011),
(16964, 400, '巫柏萱', 'node_edit', '6723,C部門', 1444714052552),
(16965, 400, '巫柏萱', 'node_edit', '6725,D部門', 1444714062663),
(16966, 400, '賴俊佑', 'node_create', '6726,400,6722,untitled,,,,1444714488275,2,', 1444714486665),
(16967, 400, '巫柏萱', 'node_edit', '6726,訓練計畫', 1444714531314),
(16968, 400, '賴俊佑', 'node_edit', '6722,A部門', 1444715395483),
(16969, 400, '賴俊佑', 'node_create', '6734,400,6723,untitled,,,,1444722224479,1,', 1444722222599),
(16970, 400, '賴俊佑', 'node_create', '6735,400,6725,untitled,,,,1444722272169,1,', 1444722271109),
(16971, 400, '巫柏萱', 'node_create', '6736,400,6726,untitled,,,,1444722519015,2,', 1444722519081),
(16972, 400, '巫柏萱', 'node_delete', '6736', 1444722523013),
(16973, 400, '巫柏萱', 'node_iconadd', '6726,button_ok', 1444722526820),
(16974, 400, '巫柏萱', 'node_edit', '6734,a', 1444722940184),
(16975, 400, '巫柏萱', 'node_edit', '6735,b', 1444722956489),
(16976, 400, '巫柏萱', 'node_edit', '6734,a', 1444722990665),
(16977, 400, '巫柏萱', 'node_edit', '6735,b', 1444722999410),
(16978, 402, '巫柏萱', 'node_create', '6738,402,6737,untitled,,,,1444723106941,2,', 1444723106962),
(16979, 402, '巫柏萱', 'node_create', '6739,402,6737,untitled,,,,1444723109225,1,', 1444723109258),
(16980, 402, '巫柏萱', 'node_create', '6740,402,6737,untitled,,,,1444723111071,2,', 1444723111086),
(16981, 402, '巫柏萱', 'node_create', '6741,402,6737,untitled,,,,1444723112823,1,', 1444723112841),
(16982, 402, '巫柏萱', 'node_edit', '6738,a', 1444723118297),
(16983, 402, '巫柏萱', 'node_edit', '6740,bㄇ', 1444723122663),
(16984, 402, '巫柏萱', 'node_edit', '6740,b', 1444723127111),
(16985, 402, '巫柏萱', 'node_edit', '6739,c', 1444723132261),
(16986, 402, '巫柏萱', 'node_edit', '6741,d', 1444723135884),
(16987, 399, '巫柏萱', 'node_edit', '6667,2015部門目標', 1444723318982),
(16988, 399, '賴俊佑', 'node_edit', '6668,預算', 1444723893883),
(16989, 400, '巫柏萱', 'node_edit', '6726,訓練計畫', 1444724649538),
(16990, 403, 'Ben', 'node_delete', '6750', 1445361970827),
(16991, 403, 'Ben', 'node_drag', '6749,6774,2', 1445362444298),
(16992, 399, '巫柏萱', 'node_edit', '6675,完成年度教育訓練計畫', 1445979581672),
(16993, 400, '巫柏萱', 'node_delete', '6734', 1445980279104),
(16994, 400, '巫柏萱', 'node_delete', '6735', 1445980283937),
(16995, 400, '巫柏萱', 'node_edit', '6726,訓練計畫', 1445982346107),
(16996, 400, '巫柏萱', 'node_edit', '6726,訓練計畫', 1445982363241),
(16997, 400, '巫柏萱', 'node_edit', '6726,訓練計畫', 1445982416175),
(16998, 404, '巫柏萱', 'node_drag', '6796,6798,1', 1446097623092),
(16999, 404, '巫柏萱', 'node_drag', '6796,6799,1', 1446097625845),
(17000, 404, '巫柏萱', 'node_drag', '6796,6800,2', 1446097628292),
(17001, 404, '巫柏萱', 'node_drag', '6796,6801,2', 1446097632986),
(17002, 404, '巫柏萱', 'node_delete', '6797', 1446097639211),
(17003, 405, '巫柏萱', 'node_drag', '6802,6804,1', 1446097939616),
(17004, 405, '巫柏萱', 'node_drag', '6802,6814,1', 1446097945021),
(17005, 405, '巫柏萱', 'node_drag', '6802,6818,2', 1446097949119),
(17006, 405, '巫柏萱', 'node_drag', '6802,6819,2', 1446097955241),
(17007, 405, '巫柏萱', 'node_drag', '6802,6820,2', 1446097958020),
(17008, 405, '巫柏萱', 'node_drag', '6802,6825,1', 1446097962486),
(17009, 405, '巫柏萱', 'node_drag', '6802,6826,2', 1446097965161),
(17010, 405, '巫柏萱', 'node_drag', '6802,6829,1', 1446097968606),
(17011, 405, '巫柏萱', 'node_delete', '6803', 1446097983684),
(17012, 405, '巫柏萱', 'node_edit', '6829,驗收與交付', 1446098014210),
(17013, 405, '巫柏萱', 'node_drag', '6802,6820,1', 1446098131178),
(17014, 405, '巫柏萱', 'node_drag', '6802,6826,1', 1446098134317),
(17015, 405, '巫柏萱', 'node_drag', '6802,6804,2', 1446098136770),
(17016, 405, '巫柏萱', 'node_drag', '6802,6814,2', 1446098138871),
(17017, 405, '巫柏萱', 'node_drag', '6802,6814,1', 1446098175476),
(17018, 405, '巫柏萱', 'node_drag', '6802,6814,2', 1446098186480),
(17019, 400, '巫柏萱', 'node_delete', '6726', 1446113936129),
(17020, 392, '許展祐', 'node_create', '6830,392,6563,新節點,,,,1446899460025,2,', 1446899460091),
(17021, 406, '許展祐', 'node_create', '6832,406,6831,新節點,,,,1446900059554,2,', 1446900059594),
(17022, 406, '許展祐', 'node_create', '6833,406,6831,新節點,,,,1446900066206,1,', 1446900066251),
(17023, 406, '許展祐', 'node_create', '6834,406,6831,新節點,,,,1446900068910,2,', 1446900068944),
(17024, 406, '許展祐', 'node_create', '6835,406,6831,新節點,,,,1446900071049,1,', 1446900071081),
(17025, 406, '許展祐', 'node_edit', '6834,新節點', 1446900076165),
(17026, 406, '許展祐', 'node_edit', '6832,新節點', 1446900083119),
(17027, 406, '許展祐', 'node_edit', '6832,新節點', 1446900103725),
(17028, 406, '許展祐', 'node_edit', '6833,新節點', 1446900110186),
(17029, 406, '許展祐', 'node_edit', '6835,新節點', 1446900115144),
(17030, 406, '許展祐', 'node_edit', '6833,新節點', 1446900167500),
(17031, 216, '許展祐', 'node_delete', '6325', 1446976308101),
(17032, 216, '許展祐', 'node_edit', '6321,添購印表機', 1446976447136),
(17033, 216, '許展祐', 'node_edit', '6491,去年目標', 1446976628569),
(17034, 407, '許展祐', 'node_create', '6837,407,6836,新節點,,,,1448514996046,2,', 1448514996085),
(17035, 407, '許展祐', 'node_create', '6838,407,6837,新節點,,,,1448809763010,2,', 1448809763255),
(17036, 407, '許展祐', 'node_create', '6839,407,6838,新節點,,,,1448809860870,2,', 1448809860926),
(17037, 407, '許展祐', 'node_create', '6840,407,6838,新節點,,,,1448809988355,2,', 1448809988376),
(17038, 407, '許展祐', 'node_create', '6841,407,6838,新節點,,,,1448809991889,2,', 1448809991920),
(17039, 392, 'William', 'node_drag', '6563,6655,2', 1449712743504),
(17040, 392, 'William', 'node_delete', '6636', 1449712767090),
(17041, 392, 'William', 'node_delete', '6566', 1449712774799),
(17042, 392, 'William', 'node_delete', '6830', 1449712784716),
(17043, 392, 'William', 'node_edit', '6655,HR_Department', 1449712810037),
(17044, 392, 'William', 'node_edit', '6565,Sales_Department', 1449712843634),
(17045, 392, 'William', 'node_edit', '6655,HR部門', 1449712890126),
(17046, 392, 'William', 'node_edit', '6565,Sales部門', 1449712901614),
(17047, 392, 'William', 'node_edit', '6567,開發部門', 1449712914787),
(17048, 392, 'William', 'node_edit', '6664,今年目標', 1449832282472),
(17049, 392, 'William', 'node_edit', '6657,目標', 1449832922776),
(17050, 409, 'William', 'node_create', '6844,409,6843,新節點,,,,1449835468960,2,', 1449835469009),
(17051, 409, 'William', 'node_create', '6845,409,6843,新節點,,,,1449835470673,1,', 1449835470688),
(17052, 410, 'Ben', 'node_create', '6847,410,6846,新節點,,,,1450861407270,2,', 1450861407309),
(17053, 410, 'Ben', 'node_create', '6848,410,6846,新節點,,,,1450861413561,1,', 1450861413570),
(17054, 405, 'Ben', 'node_create', '6849,405,6821,新節點,,,,1450861579959,1,', 1450861580011),
(17055, 392, 'William', 'node_create', '6850,392,6565,新節點,,,,1450861583041,1,', 1450861583061),
(17056, 392, 'William', 'node_create', '6851,392,6850,新節點,,,,1450861587640,1,', 1450861587711),
(17057, 392, 'William', 'node_create', '6852,392,6567,新節點,,,,1450861856189,1,', 1450861856229),
(17058, 392, 'William', 'node_create', '6853,392,6852,新節點,,,,1450861857976,1,', 1450861857986),
(17059, 411, 'William', 'node_create', '6855,411,6854,新節點,,,,1451381767121,2,', 1451381767162),
(17060, 411, 'William', 'node_edit', '6855,新節點', 1451381792568),
(17061, 411, 'William', 'node_create', '6856,411,6854,新節點,,,,1451381888551,1,', 1451381888574),
(17062, 411, 'William', 'node_edit', '6855,新節點', 1451381894078),
(17063, 411, 'William', 'node_edit', '6855,語言提升', 1451381940212),
(17064, 411, 'William', 'node_create', '6857,411,6855,新節點,,,,1451381993374,2,', 1451381993427),
(17065, 411, 'William', 'node_create', '6858,411,6855,新節點,,,,1451381994867,2,', 1451381994909),
(17066, 411, 'William', 'node_create', '6859,411,6855,新節點,,,,1451381996297,2,', 1451381996314),
(17067, 411, 'William', 'node_edit', '6859,考托福', 1451382056008),
(17068, 411, 'William', 'node_edit', '6857,新節點', 1451382087028),
(17069, 411, 'William', 'node_edit', '6856,新節點', 1451382091417),
(17070, 411, 'William', 'node_edit', '6857,新節點', 1451382252789),
(17071, 411, 'William', 'node_edit', '6859,考托福', 1451382259035),
(17072, 411, 'William', 'node_edit', '6859,考托福', 1451382273910),
(17073, 411, 'William', 'node_edit', '6857,新節點', 1451382298248),
(17074, 411, 'William', 'node_drag', '6858,6857,3', 1451382476373),
(17075, 411, 'William', 'node_drag', '6856,6859,4', 1451382477730),
(17076, 411, 'William', 'node_drag', '6859,6858,3', 1451382479658),
(17077, 407, 'William', 'node_create', '6860,407,6836,新節點,,,,1451383142146,1,', 1451383142264),
(17078, 407, 'William', 'node_create', '6861,407,6836,新節點,,,,1451383144102,2,', 1451383144125),
(17079, 407, 'William', 'node_create', '6862,407,6836,新節點,,,,1451383145261,1,', 1451383145357),
(17080, 407, 'William', 'node_create', '6863,407,6836,新節點,,,,1451383146709,2,', 1451383146738),
(17081, 407, 'Ben', 'node_create', '6864,407,6860,新節點,,,,1451383559786,1,', 1451383559807),
(17082, 405, 'Ben', 'node_drag', '6821,6805,3', 1451386287998),
(17083, 405, 'Ben', 'node_drag', '6818,6805,3', 1451386289893),
(17084, 405, 'Ben', 'node_drag', '6822,6805,3', 1451386291538),
(17085, 405, 'Ben', 'node_drag', '6822,6805,4', 1451386293113),
(17086, 405, 'Ben', 'node_drag', '6823,6805,4', 1451386294111),
(17087, 405, 'Ben', 'node_drag', '6821,6805,4', 1451386295087),
(17088, 405, 'Ben', 'node_drag', '6823,6805,4', 1451386296458),
(17089, 405, 'Ben', 'node_drag', '6824,6805,4', 1451386297560),
(17090, 405, 'Ben', 'node_drag', '6804,6805,3', 1451386306696),
(17091, 378, 'Ben', 'node_create', '6866,378,6417,新節點,,,,1455622841017,2,', 1455622841060),
(17092, 378, 'Ben', 'node_create', '6867,378,6417,新節點,,,,1455622842425,1,', 1455622842460),
(17093, 378, 'Ben', 'node_create', '6868,378,6417,新節點,,,,1455622843624,2,', 1455622843653),
(17094, 378, 'Ben', 'node_create', '6869,378,6417,新節點,,,,1455622845995,1,', 1455622846018),
(17095, 378, 'Ben', 'node_create', '6870,378,6417,新節點,,,,1455622847750,2,', 1455622847780),
(17096, 378, 'Ben', 'node_create', '6871,378,6417,新節點,,,,1455622849540,1,', 1455622849578),
(17097, 378, 'Ben', 'node_edit', '6866,新節點', 1455623087639),
(17098, 378, 'Ben', 'node_edit', '6866,新節點', 1455623094103),
(17099, 378, 'Ben', 'node_iconadd', '6866,button_cancel', 1455623211852),
(17100, 378, 'Ben', 'node_iconadd', '6868,ksmiletris', 1455623215778),
(17101, 378, 'Ben', 'node_iconadd', '6870,forward', 1455623220694),
(17102, 378, 'Ben', 'node_edit', '6866,新節點', 1455623519060),
(17103, 378, 'Ben', 'node_create', '6872,378,6867,新節點,,,,1455623897529,1,', 1455623897566),
(17104, 378, 'Ben', 'node_create', '6873,378,6867,新節點,,,,1455623899528,1,', 1455623899556),
(17105, 378, 'Ben', 'node_edit', '6872,新節點', 1455623949641),
(17106, 378, 'Ben', 'node_edit', '6867,新節點', 1455623956395),
(17107, 378, 'Ben', 'node_edit', '6866,新節點', 1455623996732),
(17108, 378, 'Ben', 'node_edit', '6867,新節點', 1455624013006),
(17109, 414, 'Willaim', 'node_create', '6876,414,6875,新節點,,,,1458656324385,2,', 1458656324435),
(17110, 414, 'Willaim', 'node_edit', '6876,會員註冊登入', 1458656350257),
(17111, 414, 'Willaim', 'node_create', '6877,414,6875,新節點,,,,1458657185453,1,', 1458657185484),
(17112, 414, 'Willaim', 'node_create', '6878,414,6875,新節點,,,,1458657187770,2,', 1458657187842),
(17113, 414, 'Willaim', 'node_edit', '6877,日記管理檢視', 1458657753664),
(17114, 414, 'Willaim', 'node_delete', '6878', 1458657758049),
(17115, 414, 'Willaim', 'node_create', '6879,414,6877,新節點,,,,1458657760498,1,', 1458657760547),
(17116, 414, 'Willaim', 'node_edit', '6879,日記編輯設定', 1458657789616),
(17117, 414, 'Willaim', 'node_edit', '6879,日記編輯', 1458657805449),
(17118, 414, 'Willaim', 'node_create', '6880,414,6879,新節點,,,,1458657808577,1,', 1458657808593),
(17119, 414, 'Willaim', 'node_edit', '6880,地點紀錄：定位存取', 1458657815706),
(17120, 414, 'Willaim', 'node_edit', '6880,地點紀錄/定位存取', 1458657826618),
(17121, 414, 'Willaim', 'node_iconadd', '6879,idea', 1458657834022),
(17122, 414, 'Willaim', 'node_iconadd', '6877,idea', 1458657837993),
(17123, 414, 'Willaim', 'node_iconadd', '6876,idea', 1458657841666),
(17124, 414, 'Willaim', 'node_iconadd', '6880,idea', 1458657845609),
(17125, 414, 'Willaim', 'node_create', '6881,414,6879,新節點,,,,1458657871870,1,', 1458657871899),
(17126, 414, 'Willaim', 'node_edit', '6881,上傳照片/儲存照片', 1458657885956),
(17127, 414, 'Willaim', 'node_iconadd', '6881,idea', 1458657890369),
(17128, 414, 'Willaim', 'node_create', '6882,414,6879,新節點,,,,1458657933103,1,', 1458657933128),
(17129, 414, 'Willaim', 'node_edit', '6879,日記編輯(新增/修改/刪除)', 1458657958389),
(17130, 414, 'Willaim', 'node_edit', '6882,旅程資訊輸入模板', 1458657982248),
(17131, 414, 'Willaim', 'node_create', '6883,414,6882,新節點,,,,1458657984575,1,', 1458657984600),
(17132, 414, 'Willaim', 'node_delete', '6883', 1458657989121),
(17133, 414, 'Willaim', 'node_iconadd', '6882,idea', 1458657992452),
(17134, 414, 'Willaim', 'node_create', '6884,414,6882,新節點,,,,1458658013343,1,', 1458658013364),
(17135, 414, 'Willaim', 'node_edit', '6884,時間軸顯示單位行程資訊', 1458658033409),
(17136, 414, 'Willaim', 'node_iconadd', '6884,idea', 1458658042431),
(17137, 414, 'Willaim', 'node_create', '6885,414,6879,新節點,,,,1458658616100,1,', 1458658616133),
(17138, 414, 'Willaim', 'node_edit', '6885,即時錄影功能', 1458658623070),
(17139, 414, 'Willaim', 'node_iconadd', '6885,full-1', 1458658633580),
(17140, 414, 'Willaim', 'node_iconremoveall', '6885', 1458658650715),
(17141, 414, 'Willaim', 'node_iconadd', '6885,messagebox_warning', 1458658653718),
(17142, 414, 'Willaim', 'node_create', '6886,414,6879,新節點,,,,1458658753605,1,', 1458658753624),
(17143, 414, 'Willaim', 'node_edit', '6886,評價/留言', 1458658761630),
(17144, 414, 'Willaim', 'node_iconadd', '6886,messagebox_warning', 1458658764845),
(17145, 414, 'Willaim', 'node_create', '6887,414,6877,新節點,,,,1458658780565,1,', 1458658780596),
(17146, 414, 'Willaim', 'node_edit', '6887,搜尋日記', 1458658795581),
(17147, 414, 'Willaim', 'node_drag', '6876,6877,3', 1458658811066),
(17148, 414, 'Willaim', 'node_iconadd', '6887,messagebox_warning', 1458658818550),
(17149, 414, 'Willaim', 'node_create', '6888,414,6879,新節點,,,,1458659007261,2,', 1458659007281),
(17150, 414, 'Willaim', 'node_edit', '6888,日記讀取權限', 1458659017004),
(17151, 414, 'Willaim', 'node_iconadd', '6888,messagebox_warning', 1458659026472),
(17152, 414, 'Willaim', 'node_create', '6889,414,6877,新節點,,,,1458659097559,2,', 1458659097589),
(17153, 414, 'Willaim', 'node_edit', '6889,客製化的個人旅遊日誌空間', 1458659105983),
(17154, 414, 'Willaim', 'node_iconadd', '6889,messagebox_warning', 1458659111075),
(17155, 414, 'Willaim', 'node_create', '6890,414,6879,新節點,,,,1458659131201,2,', 1458659131239),
(17156, 414, 'Willaim', 'node_edit', '6890,會員階級經驗值', 1458659154873),
(17157, 414, 'Willaim', 'node_iconadd', '6890,messagebox_warning', 1458659162964),
(17158, 414, 'Willaim', 'node_create', '6891,414,6875,新節點,,,,1458660762761,1,', 1458660762804),
(17159, 414, 'Willaim', 'node_drag', '6875,6891,2', 1458660766917),
(17160, 414, 'Willaim', 'node_edit', '6891,APP製作', 1458660788979),
(17161, 414, 'Willaim', 'node_iconadd', '6891,messagebox_warning', 1458660795424),
(17162, 414, 'Willaim', 'node_create', '6892,414,6877,新節點,,,,1458660856816,2,', 1458660856855),
(17163, 414, 'Willaim', 'node_edit', '6892,離線瀏覽', 1458660869579),
(17164, 414, 'Willaim', 'node_iconadd', '6892,messagebox_warning', 1458660888707);

-- --------------------------------------------------------

--
-- 資料表結構 `map`
--

CREATE TABLE IF NOT EXISTS `map` (
  `mapid` int(11) NOT NULL AUTO_INCREMENT,
  `mapname` varchar(20) CHARACTER SET utf8 COLLATE utf8_unicode_ci DEFAULT NULL,
  `created` bigint(20) NOT NULL,
  `isanonymity` tinyint(1) DEFAULT NULL,
  `creater` varchar(12) CHARACTER SET utf8 COLLATE utf8_unicode_ci DEFAULT NULL,
  `active` tinyint(4) NOT NULL DEFAULT '1',
  `status` tinyint(4) NOT NULL DEFAULT '1',
  `TotalBudget` bigint(20) DEFAULT NULL,
  `StartTime` char(10) DEFAULT NULL,
  `EndTime` char(10) DEFAULT NULL,
  PRIMARY KEY (`mapid`)
) ENGINE=InnoDB  DEFAULT CHARSET=latin1 AUTO_INCREMENT=415 ;

--
-- 資料表的匯出資料 `map`
--

INSERT INTO `map` (`mapid`, `mapname`, `created`, `isanonymity`, `creater`, `active`, `status`, `TotalBudget`, `StartTime`, `EndTime`) VALUES
(216, '地下室重整計畫', 1416558541169, 0, '100213018', 1, 1, 555, '09/17/2015', '09/30/2015'),
(217, '實驗室規劃', 1416675919706, 0, '100213018', 1, 0, 555, '09/03/2015', '09/28/2015'),
(218, '芎林風情電子地圖', 1420202631503, 0, '100213018', 1, 0, 555, '09/06/2015', '09/20/2015'),
(376, '小蘋果', 1440077319163, 0, '111', 1, 1, 555, NULL, NULL),
(377, '大蘋果', 1440077377118, 0, '111', 1, 1, 555, NULL, NULL),
(378, 'HelloWorld', 1440082825318, 0, '111', 1, 1, 555, '02/10/2016', '02/22/2016'),
(379, '專題改造計畫', 1440138177191, 0, '111', 1, 1, 555, NULL, NULL),
(380, 'Helloworld', 1440419549768, 1, '111', 1, 1, 555, NULL, NULL),
(381, '123', 1440495069776, 0, '100213018', 1, 1, 555, NULL, NULL),
(382, '地下室蓋地基計畫', 1440495184518, 0, '100213018', 1, 1, 555, NULL, NULL),
(383, '地下室鋪地基計畫', 1440496508102, 0, '100213018', 1, 0, 555, '09/20/2015', '09/30/2015'),
(384, '小太陽', 1440496582030, 0, '100213018', 1, 1, 0, '09/09/2015', '09/24/2015'),
(385, 'HelloWorld', 1440652836817, 0, '100213018', 1, 0, 555, '09/11/2015', '09/29/2015'),
(386, '大太陽', 1440664525797, 0, '100213018', 1, 1, 555, NULL, NULL),
(387, '幹的好', 1440674732642, 0, '100213018', 1, 1, 555, NULL, NULL),
(388, ' Helloworld', 1440906264399, 0, '100213018', 1, 1, 555, NULL, NULL),
(389, 'GGGGG', 1440906386221, 0, '100213018', 1, 1, 555, NULL, NULL),
(390, '1111', 1440906801172, 0, '100213018', 1, 1, 555, NULL, NULL),
(391, 'dddd', 1441819097807, 0, '100213018', 1, 1, 555, NULL, NULL),
(392, '部門擴張計畫', 1442113055319, 0, '100213018', 1, 1, 10000, '09/16/2015', '09/17/2015'),
(396, '1111', 1442882276197, 0, '100213018', 1, 1, NULL, NULL, NULL),
(397, '11111111', 1442882286051, 0, '100213018', 1, 2, 500000, '09/16/2015', '09/30/2015'),
(398, 'My MIND', 1444544563954, 0, '777', 1, 1, 5000000, '10/01/2015', '10/31/2015'),
(399, '教育訓練成果報告', 1444709787488, 0, '333', 1, 2, 50000, '10/01/2015', '10/31/2015'),
(400, '各部門計畫案', 1444713064094, 0, '333', 1, 2, 400000, '04/01/2015', '12/31/2016'),
(401, 'test', 1444721151670, 0, '333', 1, 1, NULL, NULL, NULL),
(402, '公司整合計畫', 1444723098878, 0, '333', 1, 1, 500, '10/21/2015', '11/06/2015'),
(403, '123', 1445361633163, 0, '777', 1, 1, NULL, NULL, NULL),
(404, '各部門實際支出總覽', 1446097578569, 0, '333', 1, 0, 0, '10/29/2015', '10/29/2015'),
(405, '心智圖系統', 1446097907316, 0, '333', 1, 1, 0, '10/29/2015', '10/29/2015'),
(406, '1212312', 1446900050223, 0, '100213018', 1, 2, 100000, '11/07/2015', '11/07/2015'),
(407, '測試用專案', 1448514625149, 0, '100213018', 1, 1, 0, '11/26/2015', '11/30/2015'),
(408, '11111', 1449834715175, 0, '100213018', 1, 1, 0, '12/11/2015', '12/11/2015'),
(409, '2222', 1449835455902, 0, '100213018', 1, 1, 0, '12/11/2015', '12/11/2015'),
(410, '123', 1450861399288, 0, '111', 1, 1, 0, '12/23/2015', '12/23/2015'),
(411, '543545', 1451381752503, 0, '100213018', 1, 2, 0, '12/29/2015', '12/29/2015'),
(412, 'HelloWorld', 1455622762511, 0, '111', 1, 1, 0, '02/16/2016', '02/16/2016'),
(413, 'Testing', 1458104805498, 0, 'sos987987', 1, 1, 0, '03/16/2016', '03/16/2016'),
(414, 'TravelDairer', 1458656315663, 0, 'sos987987', 1, 1, 0, '03/22/2016', '03/22/2016');

-- --------------------------------------------------------

--
-- 資料表結構 `messagelog`
--

CREATE TABLE IF NOT EXISTS `messagelog` (
  `MID` int(10) NOT NULL AUTO_INCREMENT,
  `sender` varchar(10) NOT NULL,
  `receiver` varchar(10) NOT NULL,
  `content` varchar(100) CHARACTER SET big5 NOT NULL,
  `SendTime` varchar(20) NOT NULL,
  `title` varchar(20) CHARACTER SET big5 NOT NULL,
  PRIMARY KEY (`MID`)
) ENGINE=InnoDB  DEFAULT CHARSET=latin1 AUTO_INCREMENT=19 ;

--
-- 資料表的匯出資料 `messagelog`
--

INSERT INTO `messagelog` (`MID`, `sender`, `receiver`, `content`, `SendTime`, `title`) VALUES
(1, '100213018', '100213018', '我不好', '1443585532183', '你好'),
(2, '100213018', '100213018', '我非常不好', '1443585751326', '你還好嗎'),
(3, '100213018', '100213018', '你好嗎好嗎', '1443585889647', '測試用主旨'),
(4, '100213018', '', '', '1443585906147', ''),
(5, '100213018', '', '', '1443585940295', ''),
(6, '100213018', '100213018', '幹的好', '1443586494819', '我要來踢館阿阿阿阿阿阿阿阿阿阿阿阿阿阿阿'),
(7, '100213018', '100213018', '54654655446545654456', '1443592977672', '雖變好了'),
(8, '100213018', '100213018', '5468476878787879874564564564\n54\n65465\n4654\n654\n654\n', '1443593014081', '11114654654646546464'),
(9, '111', '100213018', '我要$$ ', '1444486251440', '你好 我是會計部門王經理'),
(10, '777', '111', '我們決定10/13下午過去喔!', '1444662664480', '關於紡織廠的訪談'),
(11, '777', '111', '內容ok', '1444699533180', '我完成了!'),
(12, '777', '333', '13號再跟你拿一下資料', '1444708968998', '柏萱，我這邊進度完成了。'),
(13, '111', '333', 'AHQ比完賽了，我現在有空幫你了', '1444709481782', '需要幫忙嗎?'),
(14, '666', '333', '上週開會提到的部分沒有問題\n預算部份做了一些更改', '1446131359129', '心智圖系統測試OK'),
(15, '333', '666', '你提到的部份我會再去做整合\nthanks.', '1446131503298', '訊息收到'),
(16, '111', '666', '5p.m. \nmeetingconference room', '1446131963492', 'Tomorrow''s meeting t'),
(17, '111', '666', 'okay.', '1446131979656', 'ok.'),
(18, '100213018', '111', ' 安安安', '1450861099451', '你好挖');

-- --------------------------------------------------------

--
-- 資料表結構 `mmap`
--

CREATE TABLE IF NOT EXISTS `mmap` (
  `nid` int(11) NOT NULL AUTO_INCREMENT,
  `json` text COLLATE utf8_unicode_ci NOT NULL,
  `title` varchar(30) COLLATE utf8_unicode_ci NOT NULL,
  PRIMARY KEY (`nid`)
) ENGINE=MyISAM  DEFAULT CHARSET=utf8 COLLATE=utf8_unicode_ci AUTO_INCREMENT=16 ;

--
-- 資料表的匯出資料 `mmap`
--

INSERT INTO `mmap` (`nid`, `json`, `title`) VALUES
(9, '<map version="0.8.0">\n<node CREATED="1275300928210" MODIFIED="1275432948050" DBID="1" HYPERLINK="1" TEXT="9 balls">\n<font NAME="SansSerif" SIZE="12" />\n</node>\n</map>', '9 balls'),
(10, '<map version="0.8.0">\n<node CREATED="1279088674093" MODIFIED="1279151432234" TEXT="&#x570b;&#x6a19;&#x793e;&#x671f;&#x672b;&#x6210;&#x767c;">\n<font NAME="SansSerif" SIZE="12" />\n<node CREATED="1279088798562" MODIFIED="1279151187046" FOLDED="true" POSITION="right" DBID="204" TEXT="&#x4eba;&#x54e1;">\n<font NAME="SansSerif" SIZE="12" />\n<icon BUILTIN="penguin" />\n<node CREATED="1279150942609" MODIFIED="1279150946500" DBID="215" TEXT="&#x8868;&#x6f14;&#x4eba;&#x54e1;">\n<font NAME="SansSerif" SIZE="12" />\n<node CREATED="1279150900421" MODIFIED="1279150950515" DBID="212" TEXT="&#x7537;&#x821e;&#x8005;">\n<font NAME="SansSerif" SIZE="12" />\n<node CREATED="1279150870281" MODIFIED="1279150971578" DBID="209" TEXT="rody">\n<font NAME="SansSerif" SIZE="12" />\n</node>\n<node CREATED="1279150874109" MODIFIED="1279150983171" DBID="210" TEXT="moodyplanet">\n<font NAME="SansSerif" SIZE="12" />\n</node>\n<node CREATED="1279150895515" MODIFIED="1279150990062" DBID="211" TEXT="followstar">\n<font NAME="SansSerif" SIZE="12" />\n</node>\n<node CREATED="1279150997140" MODIFIED="1279151001250" DBID="216" TEXT="sail">\n<font NAME="SansSerif" SIZE="12" />\n</node>\n<node CREATED="1279151002281" MODIFIED="1279151017046" DBID="217" TEXT="shaddock">\n<font NAME="SansSerif" SIZE="12" />\n</node>\n<node CREATED="1279151025593" MODIFIED="1279151028671" DBID="218" TEXT="CmCo">\n<font NAME="SansSerif" SIZE="12" />\n</node>\n<node CREATED="1279151033328" MODIFIED="1279151036031" DBID="219" TEXT="vitas">\n<font NAME="SansSerif" SIZE="12" />\n</node>\n</node>\n<node CREATED="1279150923890" MODIFIED="1279150952734" DBID="213" TEXT="&#x5973;&#x821e;&#x8005;">\n<font NAME="SansSerif" SIZE="12" />\n<node CREATED="1279151040203" MODIFIED="1279151055296" DBID="220" TEXT="s4372305">\n<font NAME="SansSerif" SIZE="12" />\n</node>\n<node CREATED="1279151061687" MODIFIED="1279151067062" DBID="221" TEXT="joycy">\n<font NAME="SansSerif" SIZE="12" />\n</node>\n<node CREATED="1279151067812" MODIFIED="1279151083125" DBID="222" TEXT="vickylee">\n<font NAME="SansSerif" SIZE="12" />\n</node>\n<node CREATED="1279151089796" MODIFIED="1279151093312" DBID="223" TEXT="mcfly8">\n<font NAME="SansSerif" SIZE="12" />\n</node>\n<node CREATED="1279151094328" MODIFIED="1279151111328" DBID="224" TEXT="meihsin">\n<font NAME="SansSerif" SIZE="12" />\n</node>\n<node CREATED="1279151102437" MODIFIED="1279151123453" DBID="225" TEXT="itaiwan">\n<font NAME="SansSerif" SIZE="12" />\n</node>\n</node>\n</node>\n<node CREATED="1279150928953" MODIFIED="1279150933046" DBID="214" TEXT="&#x5e55;&#x5f8c;&#x4eba;&#x54e1;">\n<font NAME="SansSerif" SIZE="12" />\n<node CREATED="1279151136359" MODIFIED="1279151138937" DBID="226" TEXT="jcvi">\n<font NAME="SansSerif" SIZE="12" />\n</node>\n<node CREATED="1279151144937" MODIFIED="1279151153937" DBID="227" TEXT="ciyas">\n<font NAME="SansSerif" SIZE="12" />\n</node>\n<node CREATED="1279151165328" MODIFIED="1279151171140" DBID="228" TEXT="y1082235">\n<font NAME="SansSerif" SIZE="12" />\n</node>\n<node CREATED="1279151171734" MODIFIED="1279151180390" DBID="229" TEXT="coco">\n<font NAME="SansSerif" SIZE="12" />\n</node>\n</node>\n</node>\n<node CREATED="1279088802281" MODIFIED="1279153119609" FOLDED="true" POSITION="right" DBID="205" TEXT="&#x884c;&#x653f;">\n<font NAME="SansSerif" SIZE="12" />\n<icon BUILTIN="attach" />\n<node CREATED="1279151256421" MODIFIED="1279153119609" FOLDED="true" DBID="231" TEXT="&#x8ca0;&#x8cac;&#x4eba;">\n<font NAME="SansSerif" SIZE="12" />\n<node CREATED="1279151270875" MODIFIED="1279151278484" DBID="234" TEXT="moodyplanet">\n<font NAME="SansSerif" SIZE="12" />\n</node>\n</node>\n<node CREATED="1279151261140" MODIFIED="1279153119609" FOLDED="true" DBID="232" TEXT="&#x6642;&#x7a0b;">\n<font NAME="SansSerif" SIZE="12" />\n<node CREATED="1279151315734" MODIFIED="1279153119609" FOLDED="true" DBID="235" TEXT="&#x8868;&#x6f14;&#x6642;&#x9593;">\n<font NAME="SansSerif" SIZE="12" />\n<node CREATED="1279151353921" MODIFIED="1279151359234" DBID="239" TEXT="2010/05/18">\n<font NAME="SansSerif" SIZE="12" />\n</node>\n<node CREATED="1279151359734" MODIFIED="1279151366015" DBID="240" TEXT="2010/05/25">\n<font NAME="SansSerif" SIZE="12" />\n</node>\n<node CREATED="1279151366718" MODIFIED="1279151372062" DBID="241" TEXT="2010/06/01">\n<font NAME="SansSerif" SIZE="12" />\n</node>\n</node>\n<node CREATED="1279151320968" MODIFIED="1279151325500" DBID="236" TEXT="&#x7db5;&#x6392;&#x6642;&#x9593;">\n<font NAME="SansSerif" SIZE="12" />\n</node>\n<node CREATED="1279151331781" MODIFIED="1279151337953" DBID="237" TEXT="&#x7de8;&#x821e;&#x5b8c;&#x6210;&#x65e5;&#x671f;">\n<font NAME="SansSerif" SIZE="12" />\n</node>\n<node CREATED="1279151338453" MODIFIED="1279151345703" DBID="238" TEXT="&#x8868;&#x6f14;&#x8005;&#x9a57;&#x6536;&#x65e5;&#x671f;">\n<font NAME="SansSerif" SIZE="12" />\n</node>\n</node>\n<node CREATED="1279151263640" MODIFIED="1279153119609" FOLDED="true" DBID="233" TEXT="&#x5834;&#x5730;">\n<font NAME="SansSerif" SIZE="12" />\n<node CREATED="1279151380093" MODIFIED="1279151387953" DBID="242" TEXT="&#x65b9;&#x578b;&#x5287;&#x5834;">\n<font NAME="SansSerif" SIZE="12" />\n</node>\n<node CREATED="1279151388671" MODIFIED="1279151400921" DBID="243" TEXT="&#x65b0;&#x6d3b;&#x52d5;&#x4e2d;&#x5fc3;&#x6f14;&#x85dd;&#x5ef3;">\n<font NAME="SansSerif" SIZE="12" />\n</node>\n</node>\n</node>\n<node CREATED="1279088807484" MODIFIED="1279088936562" POSITION="right" DBID="206" HYPERLINK="14" TEXT="&#x8868;&#x6f14;">\n<font NAME="SansSerif" SIZE="12" />\n<icon BUILTIN="bookmark" />\n</node>\n<node CREATED="1279088814328" MODIFIED="1279088945953" POSITION="left" DBID="207" HYPERLINK="13" TEXT="&#x665a;&#x6703;">\n<font NAME="SansSerif" SIZE="12" />\n<icon BUILTIN="idea" />\n</node>\n<node CREATED="1279088817906" MODIFIED="1279088839375" POSITION="left" DBID="208" TEXT="&#x5ba3;&#x50b3;">\n<font NAME="SansSerif" SIZE="12" />\n<icon BUILTIN="kaddressbook" />\n<node CREATED="1279151749890" MODIFIED="1279151755031" DBID="251" TEXT="&#x8ca0;&#x8cac;&#x4eba;">\n<font NAME="SansSerif" SIZE="12" />\n<node CREATED="1279151773578" MODIFIED="1279151782609" DBID="252" TEXT="rody">\n<font NAME="SansSerif" SIZE="12" />\n</node>\n</node>\n<node CREATED="1279151787453" MODIFIED="1279151798234" DBID="253" TEXT="&#x6d77;&#x5831;&#x5ba3;&#x50b3;">\n<font NAME="SansSerif" SIZE="12" />\n<node CREATED="1279151859375" MODIFIED="1279151881859" DBID="258" TEXT="&#x5927;&#x639b;&#x5831;">\n<font NAME="SansSerif" SIZE="12" />\n<icon BUILTIN="pencil" />\n</node>\n<node CREATED="1279151865406" MODIFIED="1279151870687" DBID="259" TEXT="&#x534a;&#x958b;&#x6d77;&#x5831;">\n<font NAME="SansSerif" SIZE="12" />\n</node>\n</node>\n<node CREATED="1279151822562" MODIFIED="1279151831296" DBID="254" TEXT="&#x5f71;&#x7247;&#x5ba3;&#x50b3;">\n<font NAME="SansSerif" SIZE="12" />\n<node CREATED="1279153131546" MODIFIED="1279153134453" DBID="301" TEXT="sail">\n<font NAME="SansSerif" SIZE="12" />\n</node>\n</node>\n<node CREATED="1279151832109" MODIFIED="1279151836375" DBID="255" TEXT="bbs&#x5ba3;&#x50b3;">\n<font NAME="SansSerif" SIZE="12" />\n<node CREATED="1279153136968" MODIFIED="1279153141031" DBID="302" TEXT="followstar">\n<font NAME="SansSerif" SIZE="12" />\n</node>\n</node>\n<node CREATED="1279151837031" MODIFIED="1279151840859" DBID="256" TEXT="&#x7db2;&#x9801;&#x5ba3;&#x50b3;">\n<font NAME="SansSerif" SIZE="12" />\n</node>\n<node CREATED="1279151847609" MODIFIED="1279151852671" DBID="257" TEXT="&#x9910;&#x5ef3;&#x5ba3;&#x50b3;">\n<font NAME="SansSerif" SIZE="12" />\n</node>\n</node>\n</node>\n</map>', '國標社期末成發'),
(1, '<map version="0.8.0">\n<node CREATED="1275284780417" MODIFIED="1275295422020" TEXT="Home, Sweet Home">\n<font NAME="SansSerif" SIZE="12" />\n<node CREATED="1275284797577" MODIFIED="" POSITION="right" DBID="16" TEXT="YMAP">\n<font NAME="SansSerif" SIZE="12" />\n</node>\n<node CREATED="1275432759596" MODIFIED="1275432796268" POSITION="right" DBID="30" HYPERLINK="12" TEXT="Players">\n<font NAME="SansSerif" SIZE="12" />\n</node>\n<node CREATED="1275300823104" MODIFIED="1275300839702" POSITION="left" DBID="17" HYPERLINK="9" TEXT="9 balls">\n<font NAME="SansSerif" SIZE="12" />\n</node>\n</node>\n</map>', 'Home, Sweet Home'),
(11, '<map version="0.8.0">\n<node CREATED="1275307980605" MODIFIED="1275432930761" HYPERLINK="12" TEXT="NewOne">\n<font NAME="SansSerif" SIZE="12" />\n<node CREATED="1275406251595" MODIFIED="1275406254543" POSITION="right" DBID="25" TEXT="my love">\n<font NAME="SansSerif" SIZE="12" />\n</node>\n</node>\n</map>', 'NewOne'),
(12, '<map version="0.8.0">\n<node CREATED="1275307919208" MODIFIED="1275432746004" DBID="null" HYPERLINK="1" TEXT="Top Player">\n<font NAME="SansSerif" SIZE="12" />\n<node CREATED="1275432701672" MODIFIED="1275432705900" POSITION="right" DBID="28" TEXT="Duck">\n<font NAME="SansSerif" SIZE="12" />\n<node CREATED="1275432843880" MODIFIED="1275432882646" DBID="31" HYPERLINK="11" TEXT="New one">\n<font NAME="SansSerif" SIZE="12" />\n</node>\n<node CREATED="1275432852039" MODIFIED="1275432858607" DBID="32" TEXT="old one">\n<font NAME="SansSerif" SIZE="12" />\n</node>\n<node CREATED="1275432860884" MODIFIED="1275432865627" DBID="33" TEXT="Less one">\n<font NAME="SansSerif" SIZE="12" />\n</node>\n</node>\n<node CREATED="1275432708146" MODIFIED="1275432715416" POSITION="left" DBID="29" TEXT="Chicken">\n<font NAME="SansSerif" SIZE="12" />\n</node>\n</node>\n</map>', 'Top Player'),
(14, '<map version="0.8.0">\n<node CREATED="1279088984703" MODIFIED="1279089040484" HYPERLINK="10" TEXT="&#x570b;&#x6a19;&#x793e;&#x671f;&#x672b;&#x6210;&#x767c;-&#x8868;&#x6f14;&#x4f01;&#x756b;">\n<font NAME="SansSerif" SIZE="12" />\n<node CREATED="1279151582343" MODIFIED="1279152647468" POSITION="right" DBID="244" TEXT="&#x4e3b;&#x984c;">\n<font NAME="SansSerif" SIZE="12" />\n<node CREATED="1279151676062" MODIFIED="1279151681593" DBID="247" TEXT="&#x821e;&#x66a8;&#x7dbb;&#x653e;">\n<font NAME="SansSerif" SIZE="12" />\n</node>\n<node CREATED="1279152299000" MODIFIED="1279152306312" DBID="261" TEXT="&#x821e;&#x6708;&#x7d1b;&#x98db;">\n<font NAME="SansSerif" SIZE="12" />\n</node>\n<node CREATED="1279152307140" MODIFIED="1279152313437" DBID="262" TEXT="&#x4ef2;&#x590f;&#x591c;&#x4e4b;&#x821e;">\n<font NAME="SansSerif" SIZE="12" />\n</node>\n<node CREATED="1279152314078" MODIFIED="1279152318062" DBID="263" TEXT="&#x821e;&#x52d5;&#x5fc3;&#x5f26;">\n<font NAME="SansSerif" SIZE="12" />\n</node>\n<node CREATED="1279152318687" MODIFIED="1279152323812" DBID="264" TEXT="&#x65cb;&#x821e;&#x4e4b;&#x66a8;">\n<font NAME="SansSerif" SIZE="12" />\n</node>\n<node CREATED="1279152324734" MODIFIED="1279152330140" DBID="265" TEXT="&#x60c5;&#x66a8;&#x821e;&#x6708;">\n<font NAME="SansSerif" SIZE="12" />\n</node>\n</node>\n<node CREATED="1279151601453" MODIFIED="1279152677921" POSITION="right" DBID="246" TEXT="&#x5718;&#x9ad4;&#x821e;">\n<font NAME="SansSerif" SIZE="12" />\n<node CREATED="1279152236359" MODIFIED="1279152354156" DBID="260" TEXT="Slow Tange">\n<font NAME="SansSerif" SIZE="12" />\n<node CREATED="1279152388125" MODIFIED="1279152397109" DBID="270" TEXT="&#x7de8;&#x821e;&#x8005;">\n<font NAME="SansSerif" SIZE="12" />\n<node CREATED="1279152438828" MODIFIED="1279152442031" DBID="285" TEXT="rody">\n<font NAME="SansSerif" SIZE="12" />\n</node>\n</node>\n<node CREATED="1279152397640" MODIFIED="1279152400125" DBID="271" TEXT="&#x8868;&#x6f14;&#x8005;">\n<font NAME="SansSerif" SIZE="12" />\n</node>\n<node CREATED="1279152400421" MODIFIED="1279152404015" DBID="272" TEXT="&#x6559;&#x5b78;&#x6642;&#x9593;">\n<font NAME="SansSerif" SIZE="12" />\n</node>\n</node>\n<node CREATED="1279152355046" MODIFIED="1279152359796" DBID="266" TEXT="chachacha">\n<font NAME="SansSerif" SIZE="12" />\n<node CREATED="1279152411078" MODIFIED="" DBID="273" TEXT="&#x7de8;&#x821e;&#x8005;">\n<font NAME="SansSerif" SIZE="12" />\n<node CREATED="1279152444750" MODIFIED="1279152448984" DBID="286" TEXT="sail">\n<font NAME="SansSerif" SIZE="12" />\n</node>\n</node>\n<node CREATED="1279152419031" MODIFIED="" DBID="277" TEXT="&#x8868;&#x6f14;&#x8005;">\n<font NAME="SansSerif" SIZE="12" />\n</node>\n<node CREATED="1279152427640" MODIFIED="" DBID="281" TEXT="&#x6559;&#x5b78;&#x6642;&#x9593;">\n<font NAME="SansSerif" SIZE="12" />\n</node>\n</node>\n<node CREATED="1279152360296" MODIFIED="1279152364281" DBID="267" TEXT="Waltz">\n<font NAME="SansSerif" SIZE="12" />\n<node CREATED="1279152412734" MODIFIED="" DBID="274" TEXT="&#x7de8;&#x821e;&#x8005;">\n<font NAME="SansSerif" SIZE="12" />\n<node CREATED="1279152458921" MODIFIED="1279152462031" DBID="287" TEXT="joycy">\n<font NAME="SansSerif" SIZE="12" />\n</node>\n</node>\n<node CREATED="1279152420531" MODIFIED="" DBID="278" TEXT="&#x8868;&#x6f14;&#x8005;">\n<font NAME="SansSerif" SIZE="12" />\n</node>\n<node CREATED="1279152428953" MODIFIED="" DBID="282" TEXT="&#x6559;&#x5b78;&#x6642;&#x9593;">\n<font NAME="SansSerif" SIZE="12" />\n</node>\n</node>\n<node CREATED="1279152365000" MODIFIED="1279152369312" DBID="268" TEXT="Rumba">\n<font NAME="SansSerif" SIZE="12" />\n<node CREATED="1279152413968" MODIFIED="" DBID="275" TEXT="&#x7de8;&#x821e;&#x8005;">\n<font NAME="SansSerif" SIZE="12" />\n<node CREATED="1279152464515" MODIFIED="1279152469625" DBID="288" TEXT="vickylee">\n<font NAME="SansSerif" SIZE="12" />\n</node>\n</node>\n<node CREATED="1279152422078" MODIFIED="" DBID="279" TEXT="&#x8868;&#x6f14;&#x8005;">\n<font NAME="SansSerif" SIZE="12" />\n</node>\n<node CREATED="1279152430578" MODIFIED="" DBID="283" TEXT="&#x6559;&#x5b78;&#x6642;&#x9593;">\n<font NAME="SansSerif" SIZE="12" />\n</node>\n</node>\n<node CREATED="1279152369968" MODIFIED="1279152374062" DBID="269" TEXT="&#x5409;&#x7279;&#x5df4;">\n<font NAME="SansSerif" SIZE="12" />\n<node CREATED="1279152415078" MODIFIED="" DBID="276" TEXT="&#x7de8;&#x821e;&#x8005;">\n<font NAME="SansSerif" SIZE="12" />\n<node CREATED="1279152472359" MODIFIED="1279152476609" DBID="289" TEXT="moodyplanet">\n<font NAME="SansSerif" SIZE="12" />\n</node>\n</node>\n<node CREATED="1279152423390" MODIFIED="" DBID="280" TEXT="&#x8868;&#x6f14;&#x8005;">\n<font NAME="SansSerif" SIZE="12" />\n</node>\n<node CREATED="1279152431984" MODIFIED="" DBID="284" TEXT="&#x6559;&#x5b78;&#x6642;&#x9593;">\n<font NAME="SansSerif" SIZE="12" />\n</node>\n</node>\n</node>\n<node CREATED="1279151587546" MODIFIED="1279152642812" POSITION="left" DBID="245" TEXT="Solo">\n<font NAME="SansSerif" SIZE="12" />\n<node CREATED="1279151685359" MODIFIED="1279151930375" DBID="248" TEXT="rody\ns4372305">\n<font NAME="SansSerif" SIZE="12" />\n<node CREATED="1279151692843" MODIFIED="1279151696421" DBID="249" TEXT="&#x72d0;&#x6b65;">\n<font NAME="SansSerif" SIZE="12" />\n</node>\n</node>\n<node CREATED="1279152522062" MODIFIED="1279152528718" DBID="290" TEXT="moodyplanet">\n<font NAME="SansSerif" SIZE="12" />\n<node CREATED="1279152530656" MODIFIED="1279152535843" DBID="291" TEXT="waltz">\n<font NAME="SansSerif" SIZE="12" />\n</node>\n<node CREATED="1279152536484" MODIFIED="1279152539140" DBID="292" TEXT="tango">\n<font NAME="SansSerif" SIZE="12" />\n</node>\n</node>\n<node CREATED="1279152542875" MODIFIED="1279152545406" DBID="293" TEXT="sail">\n<font NAME="SansSerif" SIZE="12" />\n<node CREATED="1279152546609" MODIFIED="1279152549562" DBID="294" TEXT="Rumba">\n<font NAME="SansSerif" SIZE="12" />\n</node>\n<node CREATED="1279152550343" MODIFIED="1279152552656" DBID="295" TEXT="Waltz">\n<font NAME="SansSerif" SIZE="12" />\n</node>\n<node CREATED="1279152553250" MODIFIED="1279152554843" DBID="296" TEXT="VW">\n<font NAME="SansSerif" SIZE="12" />\n</node>\n<node CREATED="1279152555625" MODIFIED="1279152560062" DBID="297" TEXT="jive">\n<font NAME="SansSerif" SIZE="12" />\n</node>\n</node>\n<node CREATED="1279152563265" MODIFIED="1279152567609" DBID="298" TEXT="CmCo">\n<font NAME="SansSerif" SIZE="12" />\n<node CREATED="1279152573218" MODIFIED="1279152580093" DBID="299" TEXT="chachacha">\n<font NAME="SansSerif" SIZE="12" />\n</node>\n<node CREATED="1279152580656" MODIFIED="1279152585203" DBID="300" TEXT="Tango">\n<font NAME="SansSerif" SIZE="12" />\n</node>\n</node>\n</node>\n</node>\n</map>', '國標社期末成發-表演企畫'),
(15, '<map version="0.8.0">\n<node CREATED="1279604439359" MODIFIED="1279683810437" DBID="null" TEXT="&#x5b78;&#x7fd2;C#">\n<font NAME="SansSerif" SIZE="12" BOLD="true" />\n<node CREATED="1279604504171" MODIFIED="1279683448109" POSITION="right" DBID="303" TEXT="&#x8ab2;&#x7a0b;">\n<font NAME="SansSerif" SIZE="12" />\n<icon BUILTIN="full-1" />\n</node>\n<node CREATED="1279683587921" MODIFIED="1279683599671" POSITION="right" DBID="307" TEXT="&#x8003;&#x8a66;">\n<font NAME="SansSerif" SIZE="12" />\n<icon BUILTIN="full-3" />\n<node CREATED="1279683677765" MODIFIED="1279685865406" DBID="313" TEXT="&#x52aa;&#x529b;&#x62b1;&#x4f5b;&#x8173;&#x7684;&#x671f;&#x4e2d;&#x8003;">\n<font NAME="SansSerif" SIZE="12" />\n<icon BUILTIN="button_cancel" />\n<icon BUILTIN="button_cancel" />\n</node>\n<node CREATED="1279683690593" MODIFIED="1279685862671" DBID="314" TEXT="&#x6b32;&#x54ed;&#x7121;&#x6dda;&#x7684;&#x671f;&#x672b;&#x8003;">\n<font NAME="SansSerif" SIZE="12" />\n<icon BUILTIN="button_cancel" />\n<icon BUILTIN="button_cancel" />\n<icon BUILTIN="button_cancel" />\n<icon BUILTIN="button_cancel" />\n<icon BUILTIN="button_cancel" />\n</node>\n</node>\n<node CREATED="1279604522921" MODIFIED="1279683470234" POSITION="left" DBID="304" TEXT="&#x4f5c;&#x696d;">\n<font NAME="SansSerif" SIZE="12" />\n<icon BUILTIN="full-2" />\n<node CREATED="1279683612859" MODIFIED="1279685833171" DBID="308" TEXT="&#x4f5c;&#x696d;&#x4e00;">\n<font NAME="SansSerif" SIZE="12" />\n<icon BUILTIN="button_ok" />\n</node>\n<node CREATED="1279683628734" MODIFIED="1279685835281" DBID="309" TEXT="&#x4f5c;&#x696d;&#x4e8c;">\n<font NAME="SansSerif" SIZE="12" />\n<icon BUILTIN="button_ok" />\n</node>\n<node CREATED="1279683636796" MODIFIED="1279685837734" DBID="310" TEXT="&#x4f5c;&#x696d;&#x4e09;">\n<font NAME="SansSerif" SIZE="12" />\n<icon BUILTIN="button_ok" />\n</node>\n<node CREATED="1279683648437" MODIFIED="1279685868062" DBID="311" TEXT="&#x8a72;&#x6b7b;&#x7684;&#x671f;&#x672b;&#x4f5c;&#x696d;">\n<font NAME="SansSerif" SIZE="12" />\n<icon BUILTIN="button_cancel" />\n</node>\n</node>\n</node>\n</map>', '學習C#'),
(13, '<map version="0.8.0">\n<node CREATED="1279042773093" MODIFIED="1279043335640" DBID="null" HYPERLINK="10" TEXT="&#x570b;&#x6a19;&#x793e;&#x671f;&#x672b;&#x6210;&#x767c;-&#x665a;&#x6703;&#x7b56;&#x5283;">\n<font NAME="SansSerif" SIZE="12" />\n<node CREATED="1279045999984" MODIFIED="1279046007281" POSITION="right" DBID="133" TEXT="&#x8ca0;&#x8cac;&#x4eba;">\n<font NAME="SansSerif" SIZE="12" />\n<node CREATED="1279151214140" MODIFIED="1279151218437" DBID="230" TEXT="jcvi">\n<font NAME="SansSerif" SIZE="12" />\n</node>\n</node>\n<node CREATED="1279046008578" MODIFIED="1279046018156" POSITION="right" DBID="134" TEXT="&#x5e55;&#x524d;">\n<font NAME="SansSerif" SIZE="12" />\n<node CREATED="1279046075656" MODIFIED="1279046079546" DBID="137" TEXT="&#x4e3b;&#x6301;&#x4eba;">\n<font NAME="SansSerif" SIZE="12" />\n<node CREATED="1279053138125" MODIFIED="1279053140078" DBID="195" TEXT="coco">\n<font NAME="SansSerif" SIZE="12" />\n</node>\n</node>\n<node CREATED="1279046080312" MODIFIED="1279046084734" DBID="138" TEXT="&#x7bc0;&#x76ee;&#x6d41;&#x7a0b;">\n<font NAME="SansSerif" SIZE="12" />\n</node>\n</node>\n<node CREATED="1279046020078" MODIFIED="1279046023312" POSITION="left" DBID="135" TEXT="&#x5e55;&#x5f8c;">\n<font NAME="SansSerif" SIZE="12" />\n<node CREATED="1279046088687" MODIFIED="1279046104031" DBID="139" TEXT="&#x71c8;&#x63a7;">\n<font NAME="SansSerif" SIZE="12" />\n</node>\n<node CREATED="1279046104515" MODIFIED="1279046108468" DBID="140" TEXT="&#x97f3;&#x63a7;">\n<font NAME="SansSerif" SIZE="12" />\n</node>\n<node CREATED="1279046109203" MODIFIED="1279046111937" DBID="141" TEXT="&#x651d;&#x5f71;">\n<font NAME="SansSerif" SIZE="12" />\n</node>\n<node CREATED="1279046112500" MODIFIED="1279046117671" DBID="142" TEXT="&#x9304;&#x5f71;">\n<font NAME="SansSerif" SIZE="12" />\n</node>\n<node CREATED="1279046123312" MODIFIED="1279046128234" DBID="143" TEXT="&#x9580;&#x53e3;&#x63a5;&#x5f85;">\n<font NAME="SansSerif" SIZE="12" />\n</node>\n<node CREATED="1279046128656" MODIFIED="1279046132484" DBID="144" TEXT="&#x6a5f;&#x52d5;&#x7d44;">\n<font NAME="SansSerif" SIZE="12" />\n</node>\n</node>\n<node CREATED="1279046059234" MODIFIED="1279054097531" POSITION="left" DBID="136" TEXT="&#x7c4c;&#x5099;">\n<font NAME="SansSerif" SIZE="12" />\n<node CREATED="1279054107171" MODIFIED="1279054111750" DBID="197" TEXT="&#x5316;&#x599d;">\n<font NAME="SansSerif" SIZE="12" />\n</node>\n<node CREATED="1279054112296" MODIFIED="1279054116734" DBID="198" TEXT="&#x5834;&#x4f48;">\n<font NAME="SansSerif" SIZE="12" />\n</node>\n</node>\n</node>\n</map>', '國標社期末成發-晚會策劃');

-- --------------------------------------------------------

--
-- 資料表結構 `mnode`
--

CREATE TABLE IF NOT EXISTS `mnode` (
  `DBID` int(11) NOT NULL AUTO_INCREMENT,
  `nid` int(11) NOT NULL,
  PRIMARY KEY (`DBID`)
) ENGINE=MyISAM  DEFAULT CHARSET=utf8 COLLATE=utf8_unicode_ci AUTO_INCREMENT=320 ;

--
-- 資料表的匯出資料 `mnode`
--

INSERT INTO `mnode` (`DBID`, `nid`) VALUES
(1, 1),
(2, 1),
(3, 1),
(4, 1),
(5, 9),
(6, 1),
(7, 1),
(8, 1),
(9, 1),
(10, 1),
(11, 1),
(12, 1),
(13, 1),
(14, 10),
(15, 10),
(16, 1),
(17, 1),
(18, 11),
(19, 11),
(20, 1),
(21, 1),
(22, 1),
(23, 1),
(24, 11),
(25, 11),
(26, 10),
(27, 10),
(28, 12),
(29, 12),
(30, 1),
(31, 12),
(32, 12),
(33, 12),
(34, 0),
(35, 0),
(36, 0),
(37, 0),
(38, 0),
(39, 0),
(40, 0),
(41, 0),
(42, 0),
(43, 0),
(44, 10),
(45, 10),
(46, 10),
(47, 10),
(48, 10),
(49, 10),
(50, 10),
(51, 10),
(52, 10),
(53, 10),
(54, 10),
(55, 10),
(56, 10),
(57, 10),
(58, 10),
(59, 10),
(60, 10),
(61, 10),
(62, 10),
(63, 10),
(64, 10),
(65, 10),
(66, 10),
(67, 10),
(68, 10),
(69, 10),
(70, 10),
(71, 10),
(72, 10),
(73, 10),
(74, 10),
(75, 10),
(76, 10),
(77, 10),
(78, 10),
(79, 10),
(80, 10),
(81, 10),
(82, 10),
(83, 10),
(84, 10),
(85, 10),
(86, 10),
(87, 10),
(88, 10),
(89, 10),
(90, 10),
(91, 10),
(92, 10),
(93, 10),
(94, 10),
(95, 10),
(96, 10),
(97, 10),
(98, 10),
(99, 10),
(100, 10),
(101, 10),
(102, 10),
(103, 10),
(104, 10),
(105, 10),
(106, 10),
(107, 10),
(108, 10),
(109, 10),
(110, 10),
(111, 10),
(112, 10),
(113, 10),
(114, 10),
(115, 10),
(116, 10),
(117, 10),
(118, 10),
(119, 10),
(120, 10),
(121, 10),
(122, 10),
(123, 10),
(124, 10),
(125, 10),
(126, 10),
(127, 10),
(128, 10),
(129, 10),
(130, 10),
(131, 10),
(132, 10),
(133, 13),
(134, 13),
(135, 13),
(136, 13),
(137, 13),
(138, 13),
(139, 13),
(140, 13),
(141, 13),
(142, 13),
(143, 13),
(144, 13),
(145, 10),
(146, 10),
(147, 10),
(148, 10),
(149, 10),
(150, 10),
(151, 10),
(152, 10),
(153, 10),
(154, 10),
(155, 10),
(156, 10),
(157, 10),
(158, 10),
(159, 10),
(160, 10),
(161, 10),
(162, 10),
(163, 10),
(164, 10),
(165, 10),
(166, 10),
(167, 13),
(168, 13),
(169, 10),
(170, 10),
(171, 10),
(172, 10),
(173, 10),
(174, 10),
(175, 10),
(176, 10),
(177, 10),
(178, 10),
(179, 10),
(180, 10),
(181, 10),
(182, 10),
(183, 10),
(184, 10),
(185, 10),
(186, 10),
(187, 10),
(188, 10),
(189, 10),
(190, 10),
(191, 10),
(192, 10),
(193, 10),
(194, 10),
(195, 13),
(196, 10),
(197, 13),
(198, 13),
(199, 10),
(200, 10),
(201, 10),
(202, 10),
(203, 10),
(204, 10),
(205, 10),
(206, 10),
(207, 10),
(208, 10),
(209, 10),
(210, 10),
(211, 10),
(212, 10),
(213, 10),
(214, 10),
(215, 10),
(216, 10),
(217, 10),
(218, 10),
(219, 10),
(220, 10),
(221, 10),
(222, 10),
(223, 10),
(224, 10),
(225, 10),
(226, 10),
(227, 10),
(228, 10),
(229, 10),
(230, 13),
(231, 10),
(232, 10),
(233, 10),
(234, 10),
(235, 10),
(236, 10),
(237, 10),
(238, 10),
(239, 10),
(240, 10),
(241, 10),
(242, 10),
(243, 10),
(244, 14),
(245, 14),
(246, 14),
(247, 14),
(248, 14),
(249, 14),
(250, 10),
(251, 10),
(252, 10),
(253, 10),
(254, 10),
(255, 10),
(256, 10),
(257, 10),
(258, 10),
(259, 10),
(260, 14),
(261, 14),
(262, 14),
(263, 14),
(264, 14),
(265, 14),
(266, 14),
(267, 14),
(268, 14),
(269, 14),
(270, 14),
(271, 14),
(272, 14),
(273, 14),
(274, 14),
(275, 14),
(276, 14),
(277, 14),
(278, 14),
(279, 14),
(280, 14),
(281, 14),
(282, 14),
(283, 14),
(284, 14),
(285, 14),
(286, 14),
(287, 14),
(288, 14),
(289, 14),
(290, 14),
(291, 14),
(292, 14),
(293, 14),
(294, 14),
(295, 14),
(296, 14),
(297, 14),
(298, 14),
(299, 14),
(300, 14),
(301, 10),
(302, 10),
(303, 0),
(304, 0),
(305, 15),
(306, 15),
(307, 15),
(308, 15),
(309, 15),
(310, 15),
(311, 15),
(312, 15),
(313, 15),
(314, 15),
(315, 15),
(316, 15),
(317, 15),
(318, 15),
(319, 1);

-- --------------------------------------------------------

--
-- 資料表結構 `msgboard`
--

CREATE TABLE IF NOT EXISTS `msgboard` (
  `id` int(11) NOT NULL AUTO_INCREMENT,
  `time` timestamp NOT NULL DEFAULT CURRENT_TIMESTAMP ON UPDATE CURRENT_TIMESTAMP,
  `poster` varchar(25) COLLATE big5_bin NOT NULL,
  `content` varchar(1000) COLLATE big5_bin NOT NULL,
  `mapid` int(11) NOT NULL,
  `active` tinyint(1) NOT NULL DEFAULT '1',
  PRIMARY KEY (`id`)
) ENGINE=InnoDB  DEFAULT CHARSET=big5 COLLATE=big5_bin AUTO_INCREMENT=10 ;

--
-- 資料表的匯出資料 `msgboard`
--

INSERT INTO `msgboard` (`id`, `time`, `poster`, `content`, `mapid`, `active`) VALUES
(1, '2015-08-07 17:55:33', '賴俊佑', 'Ma Long - Who Can Defeat Him？\n<iframe width="560" height="315" src="https://www.youtube.com/embed/8-wkPJQaI7Y" frameborder="0" allowfullscreen></iframe>', 216, 1),
(2, '2015-08-07 18:12:44', '許冬清', 'http://moodle.ncnu.edu.tw/\n\n這裡有很多資訊\n可以查你被當了哪科', 216, 1),
(3, '2015-09-11 06:20:37', '賴俊佑', '安安安安安安安安安安安安安安安安安安安安安安安安安安安安安安安安安安安安安安安安安安安安安安安安安安安安安安安安安安安安安安安安安安安安安安安安安安安安安安安安安安安安安安安安安安安安安安安安安安安安安安安安安安安安安安安安安安安安安安安安安安安安安安安安安安安安安安安安安安安安安安安安安安安安安安安安安安安安安安安安安安安安安安安安安安安安安安安安安安安安安安安安安安安安安安安安安安安安安安安安安安安安安安安安安安安安安安安安安安安安安安安安安安安安安安安安安安安安', 392, 1),
(4, '2015-09-13 05:42:04', '巫柏萱', '<embed src="http://newsweek.shu.edu.tw:8080/lmcsilver20121007/pdf201210/CSJ14-06_6oct_6.pdf" height="400" width="560">', 400, 1),
(5, '2015-09-13 05:43:52', '巫柏萱', '<iframe width="600" height="400" frameborder="0" scrolling="no" marginheight="0" marginwidth="0" src="http://my.ctrlq.org/maps/#roadmap|17|23.916473|120.65693499999998"></iframe>', 400, 1),
(6, '2015-09-13 05:44:46', '巫柏萱', '<iframe width="560" height="315" src="https://www.youtube.com/embed/q5xM-a2I8GU" frameborder="0" allowfullscreen></iframe>', 400, 1),
(7, '2015-09-29 15:16:39', '余美儒', '<iframe width="560" height="315" src="https://www.youtube.com/embed/nmvaeXh7WiQ" frameborder="0" allowfullscreen></iframe>', 405, 1),
(8, '2015-09-29 15:17:08', '余美儒', '<iframe width="560" height="315" src="https://www.youtube.com/embed/nmvaeXh7WiQ" frameborder="0" allowfullscreen></iframe>', 404, 1),
(9, '2015-09-29 15:17:29', '余美儒', '<iframe width="560" height="315" src="https://www.youtube.com/embed/nmvaeXh7WiQ" frameborder="0" allowfullscreen></iframe>', 399, 1);

-- --------------------------------------------------------

--
-- 資料表結構 `node`
--

CREATE TABLE IF NOT EXISTS `node` (
  `NodeID` int(11) NOT NULL AUTO_INCREMENT,
  `MapID` int(11) DEFAULT NULL,
  `ParentNodeID` int(11) DEFAULT NULL,
  `Content` varchar(50) CHARACTER SET utf8 COLLATE utf8_unicode_ci DEFAULT NULL,
  `ps` varchar(50) CHARACTER SET utf8 COLLATE utf8_unicode_ci NOT NULL,
  `starttime` varchar(20) CHARACTER SET utf8 COLLATE utf8_unicode_ci NOT NULL,
  `endtime` varchar(20) CHARACTER SET utf8 COLLATE utf8_unicode_ci NOT NULL,
  `budget` varchar(50) CHARACTER SET utf8 COLLATE utf8_unicode_ci NOT NULL,
  `leader` varchar(50) CHARACTER SET utf8 COLLATE utf8_unicode_ci NOT NULL,
  `Creater` varchar(12) CHARACTER SET utf8 COLLATE utf8_unicode_ci DEFAULT NULL,
  `Created` bigint(15) DEFAULT NULL,
  `Modifier` varchar(12) CHARACTER SET utf8 COLLATE utf8_unicode_ci DEFAULT NULL,
  `Modified` timestamp NOT NULL DEFAULT CURRENT_TIMESTAMP,
  `Position` int(1) DEFAULT NULL,
  `islock` tinyint(1) DEFAULT NULL,
  `icon1` varchar(30) CHARACTER SET utf8 COLLATE utf8_unicode_ci DEFAULT NULL,
  `RealCost` bigint(20) DEFAULT NULL,
  `FinishDate` varchar(10) DEFAULT NULL,
  PRIMARY KEY (`NodeID`)
) ENGINE=InnoDB  DEFAULT CHARSET=latin1 AUTO_INCREMENT=6893 ;

--
-- 資料表的匯出資料 `node`
--

INSERT INTO `node` (`NodeID`, `MapID`, `ParentNodeID`, `Content`, `ps`, `starttime`, `endtime`, `budget`, `leader`, `Creater`, `Created`, `Modifier`, `Modified`, `Position`, `islock`, `icon1`, `RealCost`, `FinishDate`) VALUES
(6300, 216, 0, '地下室重建計劃', 'HI', '11/01/2014', '11/30/2014', '1800000', '梁煥明', '100213018', 1416558541169, '100213018', '2014-11-21 08:29:01', 0, 0, 'idea', NULL, NULL),
(6301, 216, 6300, '實驗室101', 'null', '11/01/2014', '11/10/2014', '200000', '梁煥明', '100213018', 1416558573623, '100213018', '2014-11-21 08:29:33', 2, 0, 'full-7', NULL, NULL),
(6302, 216, 6300, '廁所1', 'null', '11/05/2014', '11/15/2014', '100000', '陳柏翰', '100213018', 1416558575031, '100213018', '2014-11-21 08:29:35', 1, 0, 'mail', NULL, NULL),
(6303, 216, 6300, '實驗室102', 'null', '11/05/2014', '11/15/2014', '200000', '李恩睿', '100213018', 1416558576407, '100213018', '2014-11-21 08:29:36', 2, 0, 'full-2', NULL, NULL),
(6304, 216, 6303, '增加設備', 'null', '11/06/2014', '11/13/2014', '100000', '李恩睿', '100213018', 1416558597039, '100213018', '2014-11-21 08:29:57', 2, 0, NULL, NULL, NULL),
(6306, 216, 6300, '實驗室103', 'null', '11/10/2014', '11/20/2014', '200000', '許展祐', '100213018', 1416645566752, '100213018', '2014-11-22 08:39:32', 2, 0, 'full-3', NULL, NULL),
(6309, 216, 6300, '實驗室104', 'null', '11/14/2014', '11/25/2014', '200000', '紀柏齊', '100213059', 1416645720426, '100213018', '2014-11-22 08:42:00', 2, 0, 'full-4', NULL, NULL),
(6310, 216, 6303, '內部裝潢+設計', 'null', '11/08/2014', '11/14/2014', '50000', '李恩睿', '100213059', 1416646067162, '100213018', '2014-11-22 08:47:47', 2, 0, NULL, NULL, NULL),
(6311, 216, 6301, '增加設備', 'null', '11/01/2014', '11/07/2014', '100000', '梁煥明', '100213018', 1416646097998, '100213018', '2014-11-22 08:48:24', 2, 0, NULL, NULL, NULL),
(6312, 216, 6304, '添購主機', 'null', '11/06/2014', '11/09/2014', '20000', '李恩睿', '100213059', 1416646429859, '100213018', '2014-11-22 08:53:49', 2, 0, NULL, NULL, NULL),
(6314, 216, 6304, '添購印表機', 'null', '11/06/2014', '11/09/2014', '10000', '李恩睿', '100213059', 1416646443602, '100213018', '2014-11-22 08:54:03', 2, 0, NULL, NULL, NULL),
(6315, 216, 6306, '增加設備', 'null', '11/11/2014', '11/16/2014', '100000', '許展祐', '100213018', 1416646559487, '100213018', '2014-11-22 08:56:05', 2, 0, NULL, NULL, NULL),
(6316, 216, -1, '實驗室105', 'null', '11/01/2014', '11/26/2014', '10000', '李恩睿', '100213018', 1416672894752, '100213018', '2014-11-22 16:14:54', 2, 0, NULL, NULL, NULL),
(6317, 216, 6301, '內部裝潢+設計', 'null', '11/04/2014', '11/09/2014', '50000', '梁煥明', '100213018', 1416672999423, '100213018', '2014-11-22 16:16:39', 2, 0, NULL, NULL, NULL),
(6318, 216, 6311, '添購主機', 'null', '11/01/2014', '11/03/2014', '20000', '梁煥明', '100213018', 1416673203951, '100213018', '2014-11-22 16:20:03', 2, 0, NULL, NULL, NULL),
(6319, 216, 6300, '休息室', 'null', '11/05/2014', '11/25/2014', '300000', '曾祥慈', '100213018', 1416673305303, '100213018', '2014-11-22 16:21:45', 1, 0, 'full-7', NULL, NULL),
(6320, 216, 6300, NULL, '', '', '', '', '', '100213018', 1416673363375, '100213018', '2014-11-22 16:22:43', 1, 0, 'messagebox_warning', NULL, NULL),
(6321, 216, 6311, '添購印表機', 'null', '11/01/2014', '11/03/2014', '10000', 'Willaim', '100213018', 1416673417503, '100213018', '2014-11-22 16:23:37', 2, 0, NULL, NULL, ''),
(6322, 216, 6311, '添購其他設備', 'null', '11/01/2014', '11/05/2014', '50000', '梁煥明', '100213018', 1416673569079, '100213018', '2014-11-22 16:26:09', 2, 0, NULL, NULL, NULL),
(6323, 216, 6304, '添購其他設備', 'null', '11/06/2014', '11/12/2014', '50000', '李恩睿', '100213018', 1416673713312, '100213018', '2014-11-22 16:28:33', 2, 0, NULL, NULL, NULL),
(6324, 216, -1, '內部裝潢+設計', 'null', '11/13/2014', '11/19/2014', '50000', '許展祐', '100213018', 1416673812855, '100213018', '2014-11-22 16:30:12', 2, 0, NULL, NULL, NULL),
(6325, 216, -1, '整修好哩', 'null', '', '', '', '', '100213018', 1416673858679, '100213018', '2014-11-22 16:30:58', 1, 1, 'clanbomber', NULL, NULL),
(6326, 216, -1, '', 'null', '11/08/2014', '11/14/2014', '40000', '陳柏翰', '100213018', 1416673870863, '100213018', '2014-11-22 16:31:10', 1, 0, NULL, NULL, NULL),
(6327, 217, 0, '地下室重整計畫', 'null', '11/01/2014', '11/30/2014', '800000', 'null', '100213018', 1416675919706, '100213018', '2014-11-22 17:05:19', 0, 0, 'idea', NULL, NULL),
(6328, 217, 6327, '實驗室101', 'null', '11/01/2014', '11/10/2014', '200000', 'null', '100213018', 1416675972688, '100213018', '2014-11-22 17:06:12', 2, 0, 'full-1', NULL, NULL),
(6329, 217, 6328, '添購設備', 'null', '11/01/2014', '11/05/2014', '100000', '梁煥明', '100213018', 1416676007520, '100213018', '2014-11-22 17:06:47', 2, 0, NULL, NULL, NULL),
(6330, 217, 6329, '添購主機', 'null', '11/01/2014', '11/03/2014', '20000', '梁煥明', '100213018', 1416676042943, '100213018', '2014-11-22 17:07:22', 2, 0, NULL, NULL, NULL),
(6331, 217, 6329, '添購印表機', 'null', '11/01/2014', '11/03/2014', '10000', '梁煥明', '100213018', 1416676065103, '100213018', '2014-11-22 17:07:45', 2, 0, NULL, NULL, NULL),
(6332, 217, 6329, '添購其他設備', 'null', '11/02/2014', '11/06/2014', '50000', '梁煥明', '100213018', 1416676091768, '100213018', '2014-11-22 17:08:11', 2, 0, NULL, NULL, NULL),
(6333, 217, 6328, '外觀', 'null', '11/02/2014', '11/09/2014', '80000', '梁煥明', '100213018', 1416676133167, '100213018', '2014-11-22 17:08:53', 2, 0, NULL, NULL, NULL),
(6334, 217, 6333, '設計', 'null', '11/02/2014', '11/05/2014', '30000', '梁煥明', '100213018', 1416676176872, '100213018', '2014-11-22 17:09:36', 2, 0, NULL, NULL, NULL),
(6335, 217, 6333, '裝潢', 'null', '11/06/2014', '11/09/2014', '40000', '梁煥明', '100213018', 1416676210047, '100213018', '2014-11-22 17:10:10', 2, 0, NULL, NULL, NULL),
(6336, 217, 6327, '實驗室102', 'null', '11/05/2014', '11/15/2014', '200000', '許展祐', '100213018', 1416676259719, '100213018', '2014-11-22 17:10:59', 1, 0, 'full-2', NULL, NULL),
(6337, 217, 6336, '添購設備', 'null', '11/06/2014', '11/11/2014', '100000', '許展祐', '100213018', 1416676295879, '100213018', '2014-11-22 17:11:35', 1, 0, NULL, NULL, NULL),
(6338, 217, 6337, '添購主機', 'null', '11/06/2014', '11/09/2014', '20000', '許展祐', '100213018', 1416676331495, '100213018', '2014-11-22 17:12:11', 1, 0, NULL, NULL, NULL),
(6339, 217, 6337, '添購印表機', 'null', '11/06/2014', '11/09/2014', '10000', '許展祐', '100213018', 1416676354168, '100213018', '2014-11-22 17:12:34', 1, 0, NULL, NULL, NULL),
(6340, 217, 6337, '添購其他設備', 'null', '11/07/2014', '11/11/2014', '50000', '許展祐', '100213018', 1416676380111, '100213018', '2014-11-22 17:13:00', 1, 0, NULL, NULL, NULL),
(6341, 217, 6336, '外觀', 'null', '11/06/2014', '11/14/2014', '80000', '許展祐', '100213018', 1416676413207, '100213018', '2014-11-22 17:13:33', 1, 0, NULL, NULL, NULL),
(6342, 217, 6341, '設計', 'null', '11/07/2014', '11/10/2014', '30000', '許展祐', '100213018', 1416676443312, '100213018', '2014-11-22 17:14:03', 1, 0, NULL, NULL, NULL),
(6343, 217, 6341, '裝潢', 'null', '11/11/2014', '11/14/2014', '40000', '許展祐', '100213018', 1416676468831, '100213018', '2014-11-22 17:14:28', 1, 0, NULL, NULL, NULL),
(6344, 217, 6327, '廁所改建', 'null', '11/13/2014', '11/25/2014', '100000', '紀柏齊', '100213018', 1416676519607, '100213018', '2014-11-22 17:15:19', 2, 0, 'full-3', NULL, NULL),
(6345, 217, 6327, '新建休息室', 'null', '11/10/2014', '11/28/2014', '150000', '紀柏齊', '100213018', 1416676569695, '100213018', '2014-11-22 17:16:09', 1, 0, 'full-4', NULL, NULL),
(6346, 217, 6345, '設計', 'null', '11/11/2014', '11/19/2014', '60000', '紀柏齊', '100213018', 1416676616904, '100213018', '2014-11-22 17:16:56', 1, 0, NULL, NULL, NULL),
(6347, 217, 6345, '裝潢', 'null', '11/19/2014', '11/25/2014', '70000', '紀柏齊', '100213018', 1416676654215, '100213018', '2014-11-22 17:17:34', 1, 0, NULL, NULL, NULL),
(6348, 218, 0, '專題', 'null', '09/01/2014', '05/31/2015', 'undefined', 'undefined', '100213018', 1420202631503, '100213018', '2015-01-02 12:43:51', 0, 0, NULL, NULL, NULL),
(6349, 218, 6348, '題目確認', 'null', '09/01/2014', '09/03/2014', 'undefined', 'undefined', '100213018', 1420202763966, '100213018', '2015-01-02 12:46:03', 2, 0, NULL, NULL, NULL),
(6350, 218, 6348, '資料收集', 'null', '09/03/2014', '11/30/2014', 'undefined', 'undefined', '100213018', 1420207080060, '100213018', '2015-01-02 13:58:00', 2, 0, NULL, NULL, NULL),
(6351, 218, 6348, '需求分析', 'null', '10/31/2014', '12/16/2014', 'undefined', 'undefined', '100213018', 1420207124252, '100213018', '2015-01-02 13:58:44', 2, 0, NULL, NULL, NULL),
(6352, 218, 6348, '可行性方案分析', 'null', '12/16/2014', '12/20/2014', 'undefined', 'undefined', '100213018', 1420207189891, '100213018', '2015-01-02 13:59:49', 2, 0, NULL, NULL, NULL),
(6353, 218, 6348, '可行性方案評估', 'null', '12/20/2014', '12/31/2014', 'undefined', 'undefined', '100213018', 1420207237316, '100213018', '2015-01-02 14:00:37', 2, 0, NULL, NULL, NULL),
(6354, 218, 6348, '建立系統', 'null', '12/31/2014', '02/28/2015', 'undefined', 'undefined', '100213018', 1420207287452, '100213018', '2015-01-02 14:01:27', 2, 0, NULL, NULL, NULL),
(6415, 376, 0, '小蘋果', 'null', '2015-08-20T13:28:41.', 'null', '0', '賴俊佑', '111', 1440077321032, '111', '2015-08-20 05:28:41', 0, 0, 'bookmark', NULL, NULL),
(6416, 377, 0, '大蘋果', 'null', '2015-08-20T13:29:37.', 'null', '0', '賴俊佑', '111', 1440077377146, '111', '2015-08-20 05:29:37', 0, 0, 'bookmark', NULL, NULL),
(6417, 378, 0, 'HelloWorld', 'null', '2015-08-20T15:00:25.', 'null', '0', '賴俊佑', '111', 1440082825356, '111', '2015-08-20 07:00:25', 0, 0, 'bookmark', NULL, NULL),
(6418, 379, 0, '專題改造計畫', 'null', '2015-08-21T06:22:57.', 'null', '0', '賴俊佑', '111', 1440138177539, '111', '2015-08-20 22:22:58', 0, 0, 'bookmark', NULL, NULL),
(6419, 379, 6418, 'A部門', 'undefined', 'undefined', 'undefined', 'undefined', '小毛', '111', 1440342492926, '111', '2015-08-23 15:08:12', 2, 1, NULL, NULL, NULL),
(6420, 379, 6418, 'B部門', 'undefined', 'undefined', 'undefined', 'undefined', 'B毛', '111', 1440395974366, '111', '2015-08-24 05:59:34', 1, 0, NULL, NULL, NULL),
(6421, 379, 6418, 'C部門', 'undefined', 'undefined', 'undefined', 'undefined', 'C毛', '111', 1440396011918, '111', '2015-08-24 06:00:11', 2, 0, NULL, NULL, NULL),
(6422, 379, 6418, 'D部門', 'undefined', 'undefined', 'undefined', 'undefined', 'D毛', '111', 1440396031622, '111', '2015-08-24 06:00:31', 1, 0, NULL, NULL, NULL),
(6423, 216, -1, 'untitled', 'undefined', 'undefined', 'undefined', 'undefined', 'undefined', '100213018', 1440401547285, '100213018', '2015-08-24 07:32:27', 1, NULL, NULL, NULL, NULL),
(6424, 216, 6309, '購買電腦', 'undefined', 'undefined', 'undefined', 'undefined', 'undefined', '100213018', 1440401563956, '100213018', '2015-08-24 07:32:43', 2, 0, NULL, NULL, NULL),
(6425, 216, 6309, '資料蒐集', 'undefined', 'undefined', 'undefined', 'undefined', 'undefined', '100213018', 1440401604946, '100213018', '2015-08-24 07:33:24', 2, 0, NULL, NULL, NULL),
(6426, 379, -1, 'untitled', 'undefined', 'undefined', 'undefined', 'undefined', 'undefined', '111', 1440404904484, '111', '2015-08-24 08:28:24', 2, NULL, NULL, NULL, NULL),
(6427, 380, 0, 'Start', 'undefined', 'undefined', 'undefined', 'undefined', 'undefined', '111', 1440419549768, '111', '2015-08-24 12:32:29', 0, NULL, NULL, NULL, NULL),
(6428, 216, -1, '', 'undefined', 'undefined', 'undefined', 'undefined', 'undefined', '100213018', 1440466382055, '100213018', '2015-08-25 01:33:02', 1, 0, NULL, NULL, NULL),
(6429, 216, -1, 'untitled', 'undefined', 'undefined', 'undefined', 'undefined', 'undefined', '100213018', 1440471914141, '100213018', '2015-08-25 03:05:14', 1, NULL, NULL, NULL, NULL),
(6430, 381, 0, '123', 'null', '2015-08-25T09:31:09.', 'null', '0', '許展祐', '100213018', 1440495069901, '100213018', '2015-08-25 01:31:10', 0, 0, 'bookmark', NULL, NULL),
(6431, 382, 0, '地下室蓋地基計畫', 'null', '2015-08-25T09:33:04.', 'null', '0', '許展祐', '100213018', 1440495184560, '100213018', '2015-08-25 01:33:05', 0, 0, 'bookmark', NULL, NULL),
(6432, 383, 0, '地下室鋪地基計畫', 'null', '2015-08-25T09:55:08.', 'null', '0', '許展祐', '100213018', 1440496508190, '100213018', '2015-08-25 01:55:08', 0, 0, 'bookmark', NULL, NULL),
(6433, 384, 0, '小太陽', 'null', '2015-08-25T09:56:22.', 'null', '0', '許展祐', '100213018', 1440496582099, '100213018', '2015-08-25 01:56:22', 0, 0, 'bookmark', NULL, NULL),
(6434, 216, 6311, '購買菜瓜布', 'undefined', 'undefined', 'undefined', 'undefined', 'undefined', '100213018', 1440506204540, '100213018', '2015-08-25 12:36:44', 2, 0, NULL, NULL, NULL),
(6435, 216, 6311, '購買水果', 'undefined', 'undefined', 'undefined', 'undefined', 'undefined', '100213018', 1440506235377, '100213018', '2015-08-25 12:37:15', 2, 0, NULL, NULL, NULL),
(6438, 216, 6437, 'untitled', 'undefined', 'undefined', 'undefined', 'undefined', 'undefined', '100213018', 1440514044497, '100213018', '2015-08-25 14:47:24', 1, NULL, NULL, NULL, NULL),
(6439, 216, 6438, 'untitled', 'undefined', 'undefined', 'undefined', 'undefined', 'undefined', '100213018', 1440514119322, '100213018', '2015-08-25 14:48:39', 1, NULL, NULL, NULL, NULL),
(6440, 216, 6439, 'untitled', 'undefined', 'undefined', 'undefined', 'undefined', 'undefined', '100213018', 1440514203278, '100213018', '2015-08-25 14:50:03', 1, NULL, NULL, NULL, NULL),
(6441, 216, 6440, 'untitled', 'undefined', 'undefined', 'undefined', 'undefined', 'undefined', '100213018', 1440514275845, '100213018', '2015-08-25 14:51:15', 1, NULL, NULL, NULL, NULL),
(6450, 216, 6449, 'untitled', 'undefined', 'undefined', 'undefined', 'undefined', 'undefined', '100213018', 1440557635660, '100213018', '2015-08-26 02:53:55', 2, NULL, NULL, NULL, NULL),
(6452, 216, -1, 'untitled', 'undefined', 'undefined', 'undefined', 'undefined', 'undefined', '100213018', 1440561160843, '100213018', '2015-08-26 03:52:40', 1, 1, NULL, NULL, NULL),
(6453, 216, 6320, '測試用', 'undefined', 'undefined', 'undefined', 'undefined', 'undefined', '100213018', 1440562805347, '100213018', '2015-08-26 04:20:05', 1, 0, NULL, NULL, NULL),
(6454, 216, 6453, '1', 'undefined', '08/10/2015', '08/27/2015', 'undefined', 'undefined', '100213018', 1440565158877, '100213018', '2015-08-26 04:59:18', 1, 0, NULL, NULL, NULL),
(6455, 216, -1, '2', 'undefined', 'undefined', 'undefined', 'undefined', 'undefined', '100213018', 1440565161580, '100213018', '2015-08-26 04:59:21', 1, 1, NULL, NULL, NULL),
(6456, 216, -1, '3', 'undefined', 'undefined', 'undefined', 'undefined', 'undefined', '100213018', 1440565163742, '100213018', '2015-08-26 04:59:23', 1, 0, NULL, NULL, NULL),
(6457, 216, -1, 'untitled', 'undefined', 'undefined', 'undefined', 'undefined', 'undefined', '111', 1440583708703, '111', '2015-08-26 10:08:28', 1, NULL, NULL, NULL, NULL),
(6458, 216, 6455, 'untitled', 'undefined', 'undefined', 'undefined', 'undefined', 'undefined', '111', 1440583724897, '111', '2015-08-26 10:08:44', 1, NULL, NULL, NULL, NULL),
(6459, 216, -1, '7', 'undefined', 'undefined', 'undefined', 'undefined', 'undefined', '111', 1440583735358, '111', '2015-08-26 10:08:55', 1, 0, NULL, NULL, NULL),
(6460, 385, 0, 'HelloWorld', 'null', '2015-08-27T05:20:36.', 'null', '0', '許展祐', '100213018', 1440652836851, '100213018', '2015-08-26 21:20:37', 0, 0, 'bookmark', NULL, NULL),
(6461, 216, -1, '整修', 'undefined', 'undefined', 'undefined', 'undefined', 'undefined', '100213018', 1440653424204, '100213018', '2015-08-27 05:30:24', 1, 0, NULL, NULL, NULL),
(6462, 216, -1, '拖地', 'undefined', 'undefined', 'undefined', 'undefined', 'undefined', '100213018', 1440653445725, '100213018', '2015-08-27 05:30:45', 1, 1, NULL, NULL, NULL),
(6463, 216, -1, '粉刷', 'undefined', 'undefined', 'undefined', 'undefined', 'undefined', '100213018', 1440653448404, '100213018', '2015-08-27 05:30:48', 1, 0, NULL, NULL, NULL),
(6487, 216, -1, '1', 'undefined', 'undefined', 'undefined', 'undefined', 'undefined', '100213018', 1440657569801, '100213018', '2015-08-27 06:39:29', 1, 1, NULL, NULL, NULL),
(6488, 216, 6487, '2', 'undefined', 'undefined', 'undefined', 'undefined', 'undefined', '100213018', 1440657578184, '100213018', '2015-08-27 06:39:38', 1, 0, NULL, NULL, NULL),
(6489, 216, 6488, '3', 'undefined', 'undefined', 'undefined', 'undefined', 'undefined', '100213018', 1440657585228, '100213018', '2015-08-27 06:39:45', 1, 0, NULL, NULL, NULL),
(6490, 386, 0, '大太陽', 'null', '2015-08-27T08:35:25.', 'null', '0', '許展祐', '100213018', 1440664525840, '100213018', '2015-08-27 00:35:26', 0, 0, 'bookmark', NULL, NULL),
(6491, 216, 6309, '去年目標', 'undefined', 'undefined', 'undefined', 'undefined', 'undefined', '100213018', 1440665302918, '100213018', '2015-08-27 08:48:22', 2, 0, NULL, NULL, ''),
(6492, 385, 6460, '你好', 'undefined', 'undefined', 'undefined', 'undefined', 'undefined', '100213018', 1440674489804, '100213018', '2015-08-27 11:21:29', 2, 0, NULL, NULL, NULL),
(6493, 387, 0, '幹的好', 'null', '2015-08-27T11:25:32.', 'null', '0', '許展祐', '100213018', 1440674732667, '100213018', '2015-08-27 03:25:33', 0, 0, 'bookmark', NULL, NULL),
(6494, 387, 6493, 'untitled', 'undefined', 'undefined', 'undefined', 'undefined', 'undefined', '100213018', 1440674763584, '100213018', '2015-08-27 11:26:03', 2, NULL, NULL, NULL, NULL),
(6495, 387, 6493, 'untitled', 'undefined', 'undefined', 'undefined', 'undefined', 'undefined', '100213018', 1440674767625, '100213018', '2015-08-27 11:26:07', 1, NULL, NULL, NULL, NULL),
(6496, 387, 6493, 'untitled', 'undefined', 'undefined', 'undefined', 'undefined', 'undefined', '100213018', 1440674769507, '100213018', '2015-08-27 11:26:09', 2, NULL, NULL, NULL, NULL),
(6497, 387, 6493, 'untitled', 'undefined', 'undefined', 'undefined', 'undefined', 'undefined', '100213018', 1440674771558, '100213018', '2015-08-27 11:26:11', 1, NULL, NULL, NULL, NULL),
(6498, 387, 6493, 'untitled', 'undefined', 'undefined', 'undefined', 'undefined', 'undefined', '100213018', 1440674774103, '100213018', '2015-08-27 11:26:14', 2, NULL, NULL, NULL, NULL),
(6499, 387, 6493, 'untitled', 'undefined', 'undefined', 'undefined', 'undefined', 'undefined', '100213018', 1440674776225, '100213018', '2015-08-27 11:26:16', 1, NULL, NULL, NULL, NULL),
(6500, 216, 6453, '9', 'undefined', 'undefined', 'undefined', 'undefined', 'undefined', '100213018', 1440682438107, '111', '2015-08-27 13:33:58', 1, 0, NULL, NULL, NULL),
(6501, 216, -1, '112', 'undefined', 'undefined', 'undefined', 'undefined', 'undefined', '100213018', 1440682549673, '100213018', '2015-08-27 13:35:49', 1, 1, NULL, NULL, NULL),
(6502, 216, -1, '1111', 'undefined', 'undefined', 'undefined', 'undefined', 'undefined', '100213018', 1440682875908, '111', '2015-08-27 13:41:15', 1, 1, NULL, NULL, NULL),
(6503, 216, 6462, 'untitled', 'undefined', 'undefined', 'undefined', 'undefined', 'undefined', '100213018', 1440690923325, '100213018', '2015-08-27 15:55:23', 1, NULL, NULL, NULL, NULL),
(6504, 216, 6503, 'untitled', 'undefined', 'undefined', 'undefined', 'undefined', 'undefined', '100213018', 1440690936952, '100213018', '2015-08-27 15:55:36', 1, NULL, NULL, NULL, NULL),
(6505, 216, 6504, 'untitled', 'undefined', 'undefined', 'undefined', 'undefined', 'undefined', '100213018', 1440690941728, '100213018', '2015-08-27 15:55:41', 1, NULL, NULL, NULL, NULL),
(6506, 216, 6463, 'untitled', 'undefined', 'undefined', 'undefined', 'undefined', 'undefined', '100213018', 1440690948405, '100213018', '2015-08-27 15:55:48', 1, 0, NULL, NULL, NULL),
(6507, 216, 6506, 'untitled', 'undefined', 'undefined', 'undefined', 'undefined', 'undefined', '100213018', 1440690949996, '100213018', '2015-08-27 15:55:50', 1, NULL, NULL, NULL, NULL),
(6508, 216, 6507, 'untitled', 'undefined', 'undefined', 'undefined', 'undefined', 'undefined', '100213018', 1440690951605, '100213018', '2015-08-27 15:55:51', 1, NULL, NULL, NULL, NULL),
(6509, 216, 6461, '11111', 'undefined', 'undefined', 'undefined', 'undefined', 'undefined', '100213018', 1440693980419, '100213018', '2015-08-27 16:46:20', 1, 0, NULL, NULL, NULL),
(6510, 216, -1, 'untitled', 'undefined', 'undefined', 'undefined', 'undefined', 'undefined', '100213018', 1440693981783, '100213018', '2015-08-27 16:46:21', 1, 0, NULL, NULL, NULL),
(6511, 216, 6509, '222222', 'undefined', 'undefined', 'undefined', 'undefined', 'undefined', '100213018', 1440694003368, '100213018', '2015-08-27 16:46:43', 1, 0, NULL, NULL, NULL),
(6512, 216, 6510, 'untitled', 'undefined', 'undefined', 'undefined', 'undefined', 'undefined', '100213018', 1440694004898, '100213018', '2015-08-27 16:46:44', 1, 0, NULL, NULL, NULL),
(6513, 216, -1, 'untitled', 'undefined', 'undefined', 'undefined', 'undefined', 'undefined', '100213018', 1440694187779, '100213018', '2015-08-27 16:49:47', 1, 0, NULL, NULL, NULL),
(6514, 216, 6511, '333333', 'undefined', 'undefined', 'undefined', 'undefined', 'undefined', '100213018', 1440694189046, '100213018', '2015-08-27 16:49:49', 1, 0, NULL, NULL, NULL),
(6515, 216, 6513, 'untitled', 'undefined', 'undefined', 'undefined', 'undefined', 'undefined', '100213018', 1440694190763, '100213018', '2015-08-27 16:49:50', 1, 0, NULL, NULL, NULL),
(6516, 216, 6515, 'untitled', 'undefined', 'undefined', 'undefined', 'undefined', 'undefined', '100213018', 1440694191976, '100213018', '2015-08-27 16:49:51', 1, 0, NULL, NULL, NULL),
(6517, 216, 6516, 'untitled', 'undefined', 'undefined', 'undefined', 'undefined', 'undefined', '100213018', 1440694193854, '100213018', '2015-08-27 16:49:53', 1, 0, NULL, NULL, NULL),
(6518, 216, 6517, 'untitled', 'undefined', 'undefined', 'undefined', 'undefined', 'undefined', '100213018', 1440694196659, '100213018', '2015-08-27 16:49:56', 1, 0, NULL, NULL, NULL),
(6519, 216, 6517, 'untitled', 'undefined', 'undefined', 'undefined', 'undefined', 'undefined', '100213018', 1440694198048, '100213018', '2015-08-27 16:49:58', 1, 0, NULL, NULL, NULL),
(6520, 216, 6517, 'untitled', 'undefined', 'undefined', 'undefined', 'undefined', 'undefined', '100213018', 1440694199064, '100213018', '2015-08-27 16:49:59', 1, 0, NULL, NULL, NULL),
(6521, 216, 6517, 'untitled', 'undefined', 'undefined', 'undefined', 'undefined', 'undefined', '100213018', 1440694200244, '100213018', '2015-08-27 16:50:00', 1, 0, NULL, NULL, NULL),
(6522, 216, -1, 'untitled', 'undefined', 'undefined', 'undefined', 'undefined', 'undefined', '100213018', 1440696088895, '100213018', '2015-08-27 17:21:28', 1, 0, NULL, NULL, NULL),
(6523, 216, -1, '', 'undefined', 'undefined', 'undefined', 'undefined', 'undefined', '100213018', 1440776989597, '100213018', '2015-08-28 15:49:49', 1, 0, 'idea', NULL, NULL),
(6524, 216, 6456, 'untitled', 'undefined', 'undefined', 'undefined', 'undefined', 'undefined', '100213018', 1440776991494, '100213018', '2015-08-28 15:49:51', 1, 0, NULL, NULL, NULL),
(6525, 216, 6456, 'untitled', 'undefined', 'undefined', 'undefined', 'undefined', 'undefined', '100213018', 1440776993038, '100213018', '2015-08-28 15:49:53', 1, 0, NULL, NULL, NULL),
(6526, 216, 6459, 'untitled', 'undefined', 'undefined', 'undefined', 'undefined', 'undefined', '100213018', 1440776994796, '100213018', '2015-08-28 15:49:54', 1, 0, NULL, NULL, NULL),
(6527, 216, 6459, 'untitled', 'undefined', 'undefined', 'undefined', 'undefined', 'undefined', '100213018', 1440776997056, '100213018', '2015-08-28 15:49:57', 1, 0, NULL, NULL, NULL),
(6528, 216, -1, '測試用', 'undefined', 'undefined', 'undefined', 'undefined', 'undefined', '100213018', 1440776999150, '100213018', '2015-08-28 15:49:59', 1, 1, NULL, NULL, NULL),
(6529, 216, 6459, 'untitled', 'undefined', 'undefined', 'undefined', 'undefined', 'undefined', '100213018', 1440843268569, '100213018', '2015-08-29 10:14:28', 1, 0, NULL, NULL, NULL),
(6530, 216, -1, 'untitled', 'undefined', 'undefined', 'undefined', 'undefined', 'undefined', '100213018', 1440843271497, '100213018', '2015-08-29 10:14:31', 1, 0, NULL, NULL, NULL),
(6531, 388, 0, ' Helloworld', 'null', '2015-08-30T03:44:24.', 'null', '0', '許展祐', '100213018', 1440906264428, '100213018', '2015-08-29 19:44:24', 0, 0, 'bookmark', NULL, NULL),
(6532, 389, 0, 'GGGGG', 'null', '2015-08-30T03:46:26.', 'null', '0', '許展祐', '100213018', 1440906386254, '100213018', '2015-08-29 19:46:26', 0, 1, 'bookmark', NULL, NULL),
(6533, 389, 6532, 'untitled', 'undefined', 'undefined', 'undefined', 'undefined', 'undefined', '100213018', 1440906478520, '100213018', '2015-08-30 03:47:58', 2, 1, NULL, NULL, NULL),
(6534, 389, 6532, 'untitled', 'undefined', 'undefined', 'undefined', 'undefined', 'undefined', '100213018', 1440906480929, '100213018', '2015-08-30 03:48:00', 1, 1, NULL, NULL, NULL),
(6535, 389, 6532, 'untitled', 'undefined', 'undefined', 'undefined', 'undefined', 'undefined', '100213018', 1440906483190, '100213018', '2015-08-30 03:48:03', 2, 1, NULL, NULL, NULL),
(6536, 389, 6532, 'untitled', 'undefined', 'undefined', 'undefined', 'undefined', 'undefined', '100213018', 1440906485118, '100213018', '2015-08-30 03:48:05', 1, 1, NULL, NULL, NULL),
(6537, 389, 6532, 'untitled', 'undefined', 'undefined', 'undefined', 'undefined', 'undefined', '100213018', 1440906486910, '100213018', '2015-08-30 03:48:06', 2, 1, NULL, NULL, NULL),
(6538, 389, 6532, 'untitled', 'undefined', 'undefined', 'undefined', 'undefined', 'undefined', '100213018', 1440906492311, '100213018', '2015-08-30 03:48:12', 1, 1, NULL, NULL, NULL),
(6539, 390, 0, '1111', 'null', '2015-08-30T03:53:21.', 'null', '0', '許展祐', '100213018', 1440906801211, '100213018', '2015-08-29 19:53:21', 0, 0, 'bookmark', NULL, NULL),
(6540, 390, 6539, 'untitled', 'undefined', 'undefined', 'undefined', 'undefined', 'undefined', '100213018', 1440906937202, '100213018', '2015-08-30 03:55:37', 2, 1, NULL, NULL, NULL),
(6541, 390, 6540, 'untitled', 'undefined', 'undefined', 'undefined', 'undefined', 'undefined', '100213018', 1440906940772, '100213018', '2015-08-30 03:55:40', 2, 1, NULL, NULL, NULL),
(6542, 390, 6541, 'untitled', 'undefined', 'undefined', 'undefined', 'undefined', 'undefined', '100213018', 1440906945050, '100213018', '2015-08-30 03:55:45', 2, 1, NULL, NULL, NULL),
(6543, 216, 6528, '', 'undefined', 'undefined', 'undefined', 'undefined', 'undefined', '100213018', 1441200123636, '100213018', '2015-09-02 13:22:03', 1, 0, NULL, NULL, NULL),
(6544, 216, 6543, '', 'undefined', 'undefined', 'undefined', 'undefined', 'undefined', '100213018', 1441242359512, '100213018', '2015-09-03 01:05:59', 1, 0, NULL, NULL, NULL),
(6545, 216, 6544, '', 'undefined', 'undefined', 'undefined', 'undefined', 'undefined', '100213018', 1441260577987, '100213018', '2015-09-03 06:09:37', 1, 0, NULL, NULL, NULL),
(6546, 216, 6530, 'untitled', 'undefined', 'undefined', 'undefined', 'undefined', 'undefined', '100213018', 1441341065079, '100213018', '2015-09-04 04:31:05', 1, 0, NULL, NULL, NULL),
(6547, 216, 6546, 'untitled', 'undefined', 'undefined', 'undefined', 'undefined', 'undefined', '100213018', 1441341066548, '100213018', '2015-09-04 04:31:06', 1, 0, NULL, NULL, NULL),
(6548, 216, 6547, '', 'undefined', 'undefined', 'undefined', 'undefined', 'undefined', '100213018', 1441341068032, '100213018', '2015-09-04 04:31:08', 1, 0, NULL, NULL, NULL),
(6549, 216, -1, 'untitled', 'undefined', 'undefined', 'undefined', 'undefined', 'undefined', '100213018', 1441508022691, '100213018', '2015-09-06 02:53:42', 2, NULL, NULL, NULL, NULL),
(6550, 216, 6549, 'untitled', 'undefined', 'undefined', 'undefined', 'undefined', 'undefined', '100213018', 1441508024898, '100213018', '2015-09-06 02:53:44', 2, NULL, NULL, NULL, NULL),
(6551, 216, 6550, 'untitled', 'undefined', 'undefined', 'undefined', 'undefined', 'undefined', '100213018', 1441508026243, '100213018', '2015-09-06 02:53:46', 2, NULL, NULL, NULL, NULL),
(6552, 216, 6551, 'untitled', 'undefined', 'undefined', 'undefined', 'undefined', 'undefined', '100213018', 1441508027524, '100213018', '2015-09-06 02:53:47', 2, NULL, NULL, NULL, NULL),
(6553, 216, 6552, 'untitled', 'undefined', 'undefined', 'undefined', 'undefined', 'undefined', '100213018', 1441508028687, '100213018', '2015-09-06 02:53:48', 2, NULL, NULL, NULL, NULL),
(6554, 216, 6553, 'untitled', 'undefined', 'undefined', 'undefined', 'undefined', 'undefined', '100213018', 1441508029963, '100213018', '2015-09-06 02:53:49', 2, NULL, NULL, NULL, NULL),
(6555, 216, 6554, 'untitled', 'undefined', 'undefined', 'undefined', 'undefined', 'undefined', '100213018', 1441508031062, '100213018', '2015-09-06 02:53:51', 2, NULL, NULL, NULL, NULL),
(6556, 216, 6555, 'untitled', 'undefined', 'undefined', 'undefined', 'undefined', 'undefined', '100213018', 1441508032234, '100213018', '2015-09-06 02:53:52', 2, NULL, NULL, NULL, NULL),
(6557, 216, 6556, 'untitled', 'undefined', 'undefined', 'undefined', 'undefined', 'undefined', '100213018', 1441508033538, '100213018', '2015-09-06 02:53:53', 2, NULL, NULL, NULL, NULL),
(6558, 216, 6557, 'untitled', 'undefined', 'undefined', 'undefined', 'undefined', 'undefined', '100213018', 1441508034854, '100213018', '2015-09-06 02:53:54', 2, NULL, NULL, NULL, NULL),
(6559, 216, -1, 'untitled', 'undefined', 'undefined', 'undefined', 'undefined', 'undefined', '100213018', 1441591084021, '100213018', '2015-09-07 01:58:04', 1, NULL, NULL, NULL, NULL),
(6560, 216, -1, 'untitled', 'undefined', 'undefined', 'undefined', 'undefined', 'undefined', '100213018', 1441622620634, '100213018', '2015-09-07 10:43:40', 1, NULL, NULL, NULL, NULL),
(6561, 391, 0, 'dddd', 'null', '2015-09-09T17:18:17.', 'null', '0', '許展祐', '100213018', 1441819097844, '100213018', '2015-09-09 09:18:18', 0, 0, 'bookmark', NULL, NULL),
(6562, 216, -1, 'untitled', 'undefined', 'undefined', 'undefined', 'undefined', 'undefined', '100213018', 1442077783647, '100213018', '2015-09-12 17:09:43', 1, NULL, NULL, NULL, NULL),
(6563, 392, 0, '部門擴張', 'null', '09/05/2015', '09/30/2015', '10000', '許展祐', '100213018', 1442113055457, '100213018', '2015-09-12 18:57:35', 0, 0, 'bookmark', NULL, '09/30/2015'),
(6564, 392, -1, 'B', '150', '09/09/2015', '09/19/2015', '200', '大美女', '100213018', 1442113068365, '100213018', '2015-09-13 02:57:48', 2, 0, NULL, NULL, '09/17/2015'),
(6565, 392, 6563, 'Sales部門', '200', '09/16/2015', '11/10/2015', '500', '大帥哥', '100213018', 1442113070023, '100213018', '2015-09-13 02:57:50', 1, 0, NULL, NULL, '09/29/2015'),
(6566, 392, -1, 'D', '330', '09/17/2015', '10/21/2015', '500', 'undefined', '100213018', 1442113071289, '100213018', '2015-09-13 02:57:51', 2, 0, NULL, NULL, '09/19/2015'),
(6567, 392, 6563, '開發部門', '100', '09/23/2015', '10/26/2015', '300', 'undefined', '100213018', 1442113072677, '100213018', '2015-09-13 02:57:52', 1, 0, NULL, NULL, '09/22/2015'),
(6596, 392, -1, 'E部門', 'undefined', 'undefined', 'undefined', '5000000', 'undefined', '100213018', 1442197770671, '100213018', '2015-09-14 02:29:30', 2, 0, NULL, NULL, NULL),
(6598, 9000, 9000, '9000', '9000', '9000', '9000', '9000', '9000', '9000', 9000, '9000', '2015-09-14 18:20:35', 9000, NULL, NULL, NULL, '9000'),
(6599, 392, -1, 'untitled', 'undefined', 'undefined', 'undefined', 'undefined', 'undefined', '100213018', 1442271494138, '100213018', '2015-09-14 22:58:14', 1, NULL, NULL, NULL, 'null'),
(6600, 392, -1, '買地瓜', 'undefined', '09/18/2015', '10/22/2015', '10000', '大頭', '100213018', 1442562289148, '100213018', '2015-09-18 07:44:49', 2, 0, NULL, NULL, 'NULL'),
(6601, 393, 0, '11', 'null', '2015-09-18T07:52:54.', 'null', '0', '許展祐', '100213018', 1442562774436, '100213018', '2015-09-17 23:52:54', 0, 0, 'bookmark', NULL, NULL),
(6602, 393, 6601, 'untitled', 'undefined', 'undefined', 'undefined', 'undefined', 'undefined', '100213018', 1442562788929, '100213018', '2015-09-18 07:53:08', 2, 0, NULL, NULL, 'NULL'),
(6603, 216, 6524, 'untitled', 'undefined', 'undefined', 'undefined', 'undefined', 'undefined', '100213018', 1442636059576, '100213018', '2015-09-19 04:14:19', 1, 0, NULL, NULL, 'NULL'),
(6604, 216, 6603, 'untitled', 'undefined', 'undefined', 'undefined', 'undefined', 'undefined', '100213018', 1442636061788, '100213018', '2015-09-19 04:14:21', 1, 0, NULL, NULL, 'NULL'),
(6605, 216, 6456, 'untitled', 'undefined', 'undefined', 'undefined', 'undefined', 'undefined', '100213018', 1442636066421, '100213018', '2015-09-19 04:14:26', 1, 0, NULL, NULL, 'NULL'),
(6606, 392, -1, '買東西', 'undefined', '09/23/2015', '12/04/2015', '50000', '123', '100213018', 1442636593946, '100213018', '2015-09-19 04:23:13', 1, 0, NULL, NULL, 'NULL'),
(6607, 392, -1, 'untitled', 'undefined', 'undefined', 'undefined', 'undefined', 'undefined', '100213018', 1442636662300, '100213018', '2015-09-19 04:24:22', 1, 0, NULL, NULL, 'NULL'),
(6608, 392, -1, 'untitled', 'undefined', 'undefined', 'undefined', 'undefined', 'undefined', '100213018', 1442636664754, '100213018', '2015-09-19 04:24:24', 1, 0, NULL, NULL, 'NULL'),
(6609, 392, -1, 'untitled54654', 'undefined', 'undefined', 'undefined', 'undefined', 'undefined', '100213018', 1442636666404, '100213018', '2015-09-19 04:24:26', 1, 0, NULL, NULL, 'NULL'),
(6610, 392, -1, '54654', 'undefined', 'undefined', 'undefined', 'undefined', 'undefined', '100213018', 1442636681879, '100213018', '2015-09-19 04:24:41', 1, 0, NULL, NULL, 'NULL'),
(6614, 384, 6433, 'untitled', 'undefined', 'undefined', 'undefined', 'undefined', 'undefined', '100213018', 1442740077447, '100213018', '2015-09-20 09:07:57', 2, 0, NULL, NULL, 'NULL'),
(6615, 384, 6433, 'untitled', 'undefined', 'undefined', 'undefined', 'undefined', 'undefined', '100213018', 1442740079591, '100213018', '2015-09-20 09:07:59', 1, 0, NULL, NULL, 'NULL'),
(6616, 384, 6433, 'untitled', 'undefined', 'undefined', 'undefined', 'undefined', 'undefined', '100213018', 1442740081339, '100213018', '2015-09-20 09:08:01', 2, 0, NULL, NULL, 'NULL'),
(6617, 384, 6433, 'untitled', 'undefined', 'undefined', 'undefined', 'undefined', 'undefined', '100213018', 1442740086228, '100213018', '2015-09-20 09:08:06', 1, 0, NULL, NULL, 'NULL'),
(6618, 384, 6433, 'untitled', 'undefined', 'undefined', 'undefined', 'undefined', 'undefined', '100213018', 1442740087463, '100213018', '2015-09-20 09:08:07', 2, 0, NULL, NULL, 'NULL'),
(6619, 384, 6433, 'untitled', 'undefined', 'undefined', 'undefined', 'undefined', 'undefined', '100213018', 1442740089234, '100213018', '2015-09-20 09:08:09', 1, 0, NULL, NULL, 'NULL'),
(6620, 384, 6433, 'untitled', 'undefined', 'undefined', 'undefined', 'undefined', 'undefined', '100213018', 1442740091118, '100213018', '2015-09-20 09:08:11', 2, 0, NULL, NULL, 'NULL'),
(6621, 384, 6433, 'untitled', 'undefined', 'undefined', 'undefined', 'undefined', 'undefined', '100213018', 1442740092324, '100213018', '2015-09-20 09:08:12', 1, 0, NULL, NULL, 'NULL'),
(6622, 384, 6433, 'untitled', 'undefined', 'undefined', 'undefined', 'undefined', 'undefined', '100213018', 1442740093432, '100213018', '2015-09-20 09:08:13', 2, 0, NULL, NULL, 'NULL'),
(6623, 385, 0, 'HelloWorld', 'null', '2015-09-21T02:30:51.', 'null', '0', '許展祐', '100213018', 1442802651214, '100213018', '2015-09-20 18:30:51', 0, 0, 'bookmark', NULL, NULL),
(6624, 395, 0, '測試用', 'null', '2015-09-21T02:30:59.', 'null', '0', '許展祐', '100213018', 1442802659374, '100213018', '2015-09-20 18:30:59', 0, 0, 'bookmark', NULL, NULL),
(6625, 390, 0, '1111', 'null', '2015-09-22T00:37:56.', 'null', '0', '許展祐', '100213018', 1442882276272, '100213018', '2015-09-21 16:37:56', 0, 0, 'bookmark', NULL, NULL),
(6626, 397, 0, '11111111', 'null', '2015-09-22T00:38:06.', 'null', '0', '許展祐', '100213018', 1442882286091, '100213018', '2015-09-21 16:38:06', 0, 0, 'bookmark', NULL, NULL),
(6627, 397, -1, 'untitled', 'undefined', 'undefined', 'undefined', 'undefined', 'undefined', '100213018', 1442882291776, '100213018', '2015-09-22 00:38:11', 2, 0, NULL, NULL, 'NULL'),
(6628, 397, 6626, 'untitled', 'undefined', 'undefined', 'undefined', 'undefined', 'undefined', '100213018', 1442882390942, '100213018', '2015-09-22 00:39:50', 2, 0, NULL, NULL, 'NULL'),
(6629, 397, 6626, 'untitled', 'undefined', 'undefined', 'undefined', 'undefined', 'undefined', '100213018', 1442882391897, '100213018', '2015-09-22 00:39:51', 1, 0, NULL, NULL, 'NULL'),
(6630, 397, 6626, 'untitled', 'undefined', 'undefined', 'undefined', 'undefined', 'undefined', '100213018', 1442882392885, '100213018', '2015-09-22 00:39:52', 2, 0, NULL, NULL, 'NULL'),
(6631, 397, 6626, 'untitled', 'undefined', 'undefined', 'undefined', 'undefined', 'undefined', '100213018', 1442882393857, '100213018', '2015-09-22 00:39:53', 1, 0, NULL, NULL, 'NULL'),
(6632, 392, 6564, 'untitled', 'undefined', 'undefined', 'undefined', 'undefined', 'undefined', '100213018', 1443110617679, '100213018', '2015-09-24 16:03:37', 2, 0, NULL, NULL, 'NULL'),
(6633, 392, -1, 'untitled', 'undefined', 'undefined', 'undefined', 'undefined', 'undefined', '100213018', 1443110812984, '100213018', '2015-09-24 16:06:52', 2, 0, NULL, NULL, 'NULL'),
(6634, 392, -1, '4545465654', 'undefined', 'undefined', 'undefined', 'undefined', 'undefined', '100213018', 1443110898719, '100213018', '2015-09-24 16:08:18', 2, 0, NULL, NULL, 'NULL'),
(6635, 392, 6634, 'untitled', 'undefined', 'undefined', 'undefined', 'undefined', 'undefined', '100213018', 1443110963375, '100213018', '2015-09-24 16:09:23', 2, 0, NULL, NULL, 'NULL'),
(6636, 392, -1, 'SSS', 'undefined', '09/26/2015', '09/30/2015', '1000', 'William', '100213018', 1443193644359, '100213018', '2015-09-25 15:07:24', 2, 0, NULL, NULL, 'NULL'),
(6637, 392, -1, 'untitled', 'undefined', 'undefined', 'undefined', 'undefined', 'undefined', '100213018', 1444543327558, '100213018', '2015-10-11 06:02:07', 1, 0, NULL, NULL, 'NULL'),
(6638, 392, 6637, 'untitled', 'undefined', 'undefined', 'undefined', 'undefined', 'undefined', '100213018', 1444543330037, '100213018', '2015-10-11 06:02:10', 1, 0, NULL, NULL, 'NULL'),
(6639, 392, 6637, 'untitled', 'undefined', 'undefined', 'undefined', 'undefined', 'undefined', '100213018', 1444543333209, '100213018', '2015-10-11 06:02:13', 1, 0, NULL, NULL, 'NULL'),
(6640, 398, 0, 'My MIND', 'null', '2015-10-11T06:22:44.', 'null', '0', 'Ben', '777', 1444544564024, '777', '2015-10-10 22:22:44', 0, 0, 'bookmark', NULL, NULL),
(6641, 398, 6644, 'untitled', 'undefined', 'undefined', 'undefined', 'undefined', 'undefined', '777', 1444544570044, '777', '2015-10-11 06:22:50', 1, 0, NULL, NULL, 'NULL'),
(6642, 398, 6641, 'untitled', 'undefined', 'undefined', 'undefined', 'undefined', 'undefined', '777', 1444544571785, '777', '2015-10-11 06:22:51', 1, 0, NULL, NULL, 'NULL'),
(6643, 398, 6642, 'untitled', 'undefined', 'undefined', 'undefined', 'undefined', 'undefined', '777', 1444544573605, '777', '2015-10-11 06:22:53', 1, 0, 'button_ok', NULL, 'NULL'),
(6644, 398, 6643, 'untitled', 'undefined', 'undefined', 'undefined', 'undefined', 'undefined', '777', 1444544575037, '777', '2015-10-11 06:22:55', 1, 0, NULL, NULL, 'NULL'),
(6645, 398, 6648, 'untitled', 'undefined', 'undefined', 'undefined', 'undefined', 'undefined', '777', 1444544801991, '777', '2015-10-11 06:26:41', 1, 0, NULL, NULL, 'NULL'),
(6646, 398, 6647, 'untitled', 'undefined', 'undefined', 'undefined', 'undefined', 'undefined', '777', 1444544806227, '777', '2015-10-11 06:26:46', 1, 0, NULL, NULL, 'NULL'),
(6647, 398, 6646, 'untitled', 'undefined', 'undefined', 'undefined', 'undefined', 'undefined', '777', 1444544807371, '777', '2015-10-11 06:26:47', 1, 0, NULL, NULL, 'NULL'),
(6648, 398, 6645, 'untitled', 'undefined', 'undefined', 'undefined', 'undefined', 'undefined', '777', 1444544808877, '777', '2015-10-11 06:26:48', 1, 0, NULL, NULL, 'NULL'),
(6649, 398, 6640, '0000', 'undefined', 'undefined', 'undefined', 'undefined', 'undefined', '777', 1444544897822, '777', '2015-10-11 06:28:17', 1, 0, NULL, NULL, 'NULL'),
(6650, 398, 6652, '222', 'undefined', 'undefined', 'undefined', 'undefined', 'undefined', '777', 1444544899366, '777', '2015-10-11 06:28:19', 2, 0, NULL, NULL, 'NULL'),
(6651, 398, 6650, '111', 'undefined', 'undefined', 'undefined', 'undefined', 'undefined', '777', 1444544901020, '777', '2015-10-11 06:28:21', 2, 0, NULL, NULL, 'NULL'),
(6652, 398, 6651, '333', 'undefined', 'undefined', 'undefined', 'undefined', 'undefined', '777', 1444544903004, '777', '2015-10-11 06:28:23', 2, 0, NULL, NULL, 'NULL'),
(6653, 398, 6649, '111', 'undefined', 'undefined', 'undefined', 'undefined', 'undefined', '777', 1444545229345, '777', '2015-10-11 06:33:49', 1, 0, NULL, NULL, 'NULL'),
(6654, 398, 6649, '111', 'undefined', 'undefined', 'undefined', 'undefined', 'undefined', '777', 1444545316961, '777', '2015-10-11 06:35:16', 1, 0, NULL, NULL, 'NULL'),
(6655, 392, 6563, 'HR部門', 'null', '06/01/2015', '11/14/2015', '100000', 'BEN', '100213018', 1416558575031, '100213018', '2014-11-21 00:03:00', 2, 1, 'full-1\n', NULL, ''),
(6656, 392, 6655, '教育訓練', 'null', '05/01/2015', '06/30/2015', '150000', '余美儒', '100213018', 1416673858679, '100213018', '2014-11-22 08:30:58', 2, 1, 'clanbomber\n', NULL, NULL),
(6657, 392, 6656, '目標', 'undefined', '02/01/2015', '02/08/2045', '100000', '余美儒', '100213018', 1443800195416, '100213018', '2015-10-02 07:36:35', 2, 1, 'button_ok\n', NULL, ''),
(6658, 392, 6656, '評估需求', 'undefined', '12/01/2014', '12/31/2014', '10500', '余美儒', '100213018', 1443800299409, '100213018', '2015-10-02 07:38:19', 2, 1, 'xmag\n', NULL, NULL),
(6659, 392, 6656, '擬定計畫', 'undefined', '01/02/2015', '03/15/2015', '250000', '巫柏萱', '100213018', 1443800339953, '100213018', '2015-10-02 07:38:59', 2, 1, 'flag\n', NULL, NULL),
(6660, 392, 6656, '教育訓練', 'undefined', '04/02/2015', '05/01/2015', '300000', '梁瑜芳', '100213018', 1443801181902, '100213018', '2015-10-02 07:53:01', 2, 1, NULL, NULL, NULL),
(6661, 392, 6656, '意見統計', 'undefined', '05/02/2015', '05/09/2015', '0', '巫柏萱', '100213018', 1443801402528, '100213018', '2015-10-02 07:56:42', 2, 1, NULL, NULL, NULL),
(6662, 392, 6655, '進步程度比較', 'undefined', '01/01/2015', '12/31/2015', '0', '巫柏萱', '100213018', 1443800155396, '100213018', '2015-10-02 07:35:55', 2, 1, NULL, NULL, NULL),
(6663, 392, 6662, '去年目標', 'undefined', '01/01/2014', '12/31/2014', '600000', '林立鎧', '100213018', 1443801605997, '100213018', '2015-10-02 08:00:06', 2, 1, NULL, NULL, NULL),
(6664, 392, 6662, '今年目標', 'undefined', '01/01/2015', '12/31/2015', '600000', '巫柏萱', '100213018', 1443801605997, '100213018', '2015-10-02 00:03:00', 2, 1, NULL, NULL, ''),
(6665, 399, 0, '教育訓練成果報告', 'null', '2015-10-13T04:16:27.', 'null', '0', '巫柏萱', '333', 1444709787637, '333', '2015-10-12 20:16:28', 0, 0, 'bookmark', NULL, NULL),
(6666, 399, 6665, '人力資源室', 'undefined', 'undefined', 'undefined', 'undefined', 'undefined', '333', 1444709961902, '333', '2015-10-13 04:19:21', 2, 0, 'gohome', NULL, 'NULL'),
(6667, 399, 6665, '2015部門目標', 'undefined', 'undefined', 'undefined', 'undefined', 'undefined', '333', 1444709963435, '333', '2015-10-13 04:19:23', 1, 0, 'flag', NULL, 'NULL'),
(6668, 399, 6666, '預算', 'undefined', 'undefined', 'undefined', 'undefined', 'undefined', '333', 1444709965172, '111', '2015-10-13 04:19:25', 2, 0, NULL, NULL, 'NULL'),
(6669, 399, 6665, '部門績效', 'undefined', 'undefined', 'undefined', 'undefined', 'undefined', '333', 1444709966924, '333', '2015-10-13 04:19:26', 1, 0, 'button_ok', NULL, 'NULL'),
(6670, 399, 6666, '完成國家品質獎案申請獲獎', 'undefined', 'undefined', 'undefined', 'undefined', 'undefined', '333', 1444710009209, '333', '2015-10-13 04:20:09', 2, 0, NULL, NULL, 'NULL'),
(6671, 399, 6670, '目標:完成評核與獲獎', 'undefined', 'undefined', 'undefined', 'undefined', 'undefined', '333', 1444710054016, '333', '2015-10-13 04:20:54', 2, 0, NULL, NULL, 'NULL'),
(6672, 399, 6666, '甄選作業及流程', 'undefined', 'undefined', 'undefined', 'undefined', 'undefined', '333', 1444710090968, '333', '2015-10-13 04:21:30', 2, 0, NULL, NULL, 'NULL'),
(6673, 399, 6666, '執行紀錄', 'undefined', 'undefined', 'undefined', 'undefined', 'undefined', '333', 1444710126357, '333', '2015-10-13 04:22:06', 2, 0, NULL, NULL, 'NULL'),
(6674, 399, 6666, '未來發展', 'undefined', 'undefined', 'undefined', 'undefined', 'undefined', '333', 1444710137987, '333', '2015-10-13 04:22:17', 2, 0, NULL, NULL, 'NULL'),
(6675, 399, 6665, '完成年度教育訓練計畫', 'undefined', 'undefined', 'undefined', 'undefined', 'undefined', '333', 1444710151417, '333', '2015-10-13 04:22:31', 2, 0, 'idea', NULL, 'NULL'),
(6676, 399, 6667, '補助案', 'undefined', 'undefined', 'undefined', 'undefined', 'undefined', '333', 1444710191511, '333', '2015-10-13 04:23:11', 1, 0, 'full-1', NULL, 'NULL'),
(6677, 399, 6667, '自辦案', 'undefined', 'undefined', 'undefined', 'undefined', 'undefined', '333', 1444710193090, '333', '2015-10-13 04:23:13', 1, 0, 'full-2', NULL, 'NULL'),
(6678, 399, 6667, '人力資源導ERP(柯先生)', 'undefined', 'undefined', 'undefined', 'undefined', 'undefined', '333', 1444710194480, '333', '2015-10-13 04:23:14', 1, 0, 'full-3', NULL, 'NULL'),
(6679, 399, 6667, '蒐集年度資料來源', 'undefined', 'undefined', 'undefined', 'undefined', 'undefined', '333', 1444710196080, '333', '2015-10-13 04:23:16', 1, 0, 'full-4', NULL, 'NULL'),
(6680, 399, 6667, '成果發表會', 'undefined', 'undefined', 'undefined', 'undefined', 'undefined', '333', 1444710197554, '333', '2015-10-13 04:23:17', 1, 0, 'full-5', NULL, 'NULL'),
(6681, 399, 6669, '台灣各部門KPI達成率43%', 'undefined', 'undefined', 'undefined', 'undefined', 'undefined', '333', 1444711900393, '333', '2015-10-13 04:51:40', 1, 0, NULL, NULL, 'NULL'),
(6682, 399, 6676, '二月初送審', 'undefined', 'undefined', 'undefined', 'undefined', 'undefined', '333', 1444712032842, '333', '2015-10-13 04:53:52', 1, 0, NULL, NULL, 'NULL'),
(6683, 399, 6676, '3月中課程展開~11月初', 'undefined', 'undefined', 'undefined', 'undefined', 'undefined', '333', 1444712034639, '333', '2015-10-13 04:53:54', 1, 0, NULL, NULL, 'NULL'),
(6684, 399, 6682, '實際以政府公告為準', 'undefined', 'undefined', 'undefined', 'undefined', 'undefined', '333', 1444712067162, '333', '2015-10-13 04:54:27', 1, 0, NULL, NULL, 'NULL'),
(6685, 399, 6677, '103年一月~十一月初', 'undefined', 'undefined', 'undefined', 'undefined', 'undefined', '333', 1444712184989, '333', '2015-10-13 04:56:24', 1, 0, NULL, NULL, 'NULL'),
(6686, 399, 6680, '預計103年11月9', 'undefined', 'undefined', 'undefined', 'undefined', 'undefined', '333', 1444712209635, '333', '2015-10-13 04:56:49', 1, 0, NULL, NULL, 'NULL'),
(6687, 399, 6681, '業務部', 'undefined', 'undefined', 'undefined', 'undefined', 'undefined', '333', 1444712237214, '333', '2015-10-13 04:57:17', 1, 0, 'back', NULL, 'NULL'),
(6688, 399, 6681, '人力資源部', 'undefined', 'undefined', 'undefined', 'undefined', 'undefined', '333', 1444712239054, '333', '2015-10-13 04:57:19', 1, 0, 'back', NULL, 'NULL'),
(6689, 399, 6681, '品保部', 'undefined', 'undefined', 'undefined', 'undefined', 'undefined', '333', 1444712256555, '333', '2015-10-13 04:57:36', 1, 0, 'back', NULL, 'NULL'),
(6690, 399, 6687, '今年目標', 'undefined', 'undefined', 'undefined', 'undefined', 'undefined', '333', 1444712341510, '333', '2015-10-13 04:59:01', 1, 0, NULL, NULL, 'NULL'),
(6691, 399, 6687, '明年課程需求', 'undefined', 'undefined', 'undefined', 'undefined', 'undefined', '333', 1444712343796, '333', '2015-10-13 04:59:03', 1, 0, NULL, NULL, 'NULL'),
(6692, 399, 6690, '每人產值達成率96.5%', 'undefined', 'undefined', 'undefined', 'undefined', 'undefined', '333', 1444712387250, '333', '2015-10-13 04:59:47', 1, 0, NULL, NULL, 'NULL'),
(6693, 399, 6690, '原物料庫存90%', 'undefined', 'undefined', 'undefined', 'undefined', 'undefined', '333', 1444712389398, '333', '2015-10-13 04:59:49', 1, 0, NULL, NULL, 'NULL'),
(6694, 399, 6691, '達到KPI', 'undefined', 'undefined', 'undefined', 'undefined', 'undefined', '333', 1444712431206, '333', '2015-10-13 05:00:31', 1, 0, NULL, NULL, 'NULL'),
(6695, 399, 6691, '職能落差分析', 'undefined', 'undefined', 'undefined', 'undefined', 'undefined', '333', 1444712432671, '333', '2015-10-13 05:00:32', 1, 0, NULL, NULL, 'NULL'),
(6696, 399, 6688, '今年目標', 'undefined', 'undefined', 'undefined', 'undefined', 'undefined', '333', 1444712483660, '333', '2015-10-13 05:01:23', 1, 0, NULL, NULL, 'NULL'),
(6697, 399, 6688, '明年課程需求', 'undefined', 'undefined', 'undefined', 'undefined', 'undefined', '333', 1444712485428, '333', '2015-10-13 05:01:25', 1, 0, NULL, NULL, 'NULL'),
(6698, 399, 6689, '今年目標', 'undefined', 'undefined', 'undefined', 'undefined', 'undefined', '333', 1444712486802, '333', '2015-10-13 05:01:26', 1, 0, NULL, NULL, 'NULL'),
(6699, 399, 6689, '明年課程需求', 'undefined', 'undefined', 'undefined', 'undefined', 'undefined', '333', 1444712488336, '333', '2015-10-13 05:01:28', 1, 0, NULL, NULL, 'NULL'),
(6700, 399, 6696, '國家訓練品質得獎', 'undefined', 'undefined', 'undefined', 'undefined', 'undefined', '333', 1444712520827, '333', '2015-10-13 05:02:00', 1, 0, NULL, NULL, 'NULL'),
(6701, 399, 6696, 'TTQS金牌', 'undefined', 'undefined', 'undefined', 'undefined', 'undefined', '333', 1444712522167, '333', '2015-10-13 05:02:02', 1, 0, NULL, NULL, 'NULL'),
(6702, 399, 6697, '升遷制度', 'undefined', 'undefined', 'undefined', 'undefined', 'undefined', '333', 1444712604293, '333', '2015-10-13 05:03:24', 1, 0, NULL, NULL, 'NULL'),
(6703, 399, 6697, '法規實務', 'undefined', 'undefined', 'undefined', 'undefined', 'undefined', '333', 1444712605715, '333', '2015-10-13 05:03:25', 1, 0, NULL, NULL, 'NULL'),
(6704, 399, 6697, '建立各職位學習地圖', 'undefined', 'undefined', 'undefined', 'undefined', 'undefined', '333', 1444712608235, '333', '2015-10-13 05:03:28', 1, 0, NULL, NULL, 'NULL'),
(6705, 399, 6698, '異常件數<85', 'undefined', 'undefined', 'undefined', 'undefined', 'undefined', '333', 1444712656972, '333', '2015-10-13 05:04:16', 1, 0, NULL, NULL, 'NULL');
INSERT INTO `node` (`NodeID`, `MapID`, `ParentNodeID`, `Content`, `ps`, `starttime`, `endtime`, `budget`, `leader`, `Creater`, `Created`, `Modifier`, `Modified`, `Position`, `islock`, `icon1`, `RealCost`, `FinishDate`) VALUES
(6706, 399, 6698, '客戶訴訟<10', 'undefined', 'undefined', 'undefined', 'undefined', 'undefined', '333', 1444712658392, '333', '2015-10-13 05:04:18', 1, 0, NULL, NULL, 'NULL'),
(6707, 399, 6675, '53堂課', 'undefined', 'undefined', 'undefined', 'undefined', 'undefined', '333', 1444712800001, '333', '2015-10-13 05:06:40', 2, 0, NULL, NULL, 'NULL'),
(6708, 399, 6675, '301小時', 'undefined', 'undefined', 'undefined', 'undefined', 'undefined', '333', 1444712801413, '333', '2015-10-13 05:06:41', 2, 0, NULL, NULL, 'NULL'),
(6709, 399, 6675, '確定補助費用350940元', 'undefined', 'undefined', 'undefined', 'undefined', 'undefined', '333', 1444712840595, '333', '2015-10-13 05:07:20', 2, 0, 'messagebox_warning', NULL, 'NULL'),
(6710, 400, 0, '各部門計畫案', 'null', '12/01/2014', '06/09/2017', '0', '巫柏萱', '333', 1444713064246, '333', '2015-10-12 21:11:04', 0, 1, 'bookmark', NULL, ''),
(6711, 400, -1, 'untitled', 'undefined', 'undefined', 'undefined', 'undefined', 'undefined', '333', 1444713203259, '333', '2015-10-13 05:13:23', 2, 0, NULL, NULL, 'NULL'),
(6712, 400, -1, 'HR', 'null', '06/01/2015', '11/14/2015', '100000', '陳柏翰', '100213018', 1416558575031, '100213018', '2014-11-21 00:03:00', 0, 0, 'full-1\n', NULL, NULL),
(6713, 400, -1, '教育訓練', 'null', '05/01/2015', '06/30/2015', '150000', '余美儒', '100213018', 1416673858679, '100213018', '2014-11-22 08:30:58', 0, 0, 'clanbomber\n', NULL, NULL),
(6714, 400, -1, '目標', 'undefined', '02/01/2015', '02/08/2045', '100000', '余美儒', '100213018', 1443800195416, '100213018', '2015-10-02 07:36:35', 0, 0, 'button_ok\n', NULL, NULL),
(6715, 400, -1, '評估需求', 'undefined', '12/01/2014', '12/31/2014', '10500', '余美儒', '100213018', 1443800299409, '100213018', '2015-10-02 07:38:19', 0, 0, 'xmag\n', NULL, NULL),
(6716, 400, -1, '擬定計畫', 'undefined', '01/02/2015', '03/15/2015', '250000', '巫柏萱', '100213018', 1443800339953, '100213018', '2015-10-02 07:38:59', 0, 0, 'flag\n', NULL, NULL),
(6717, 400, -1, '教育訓練', 'undefined', '04/02/2015', '05/01/2015', '300000', '梁瑜芳', '100213018', 1443801181902, '100213018', '2015-10-02 07:53:01', 0, 0, NULL, NULL, NULL),
(6718, 400, -1, '意見統計', 'undefined', '05/02/2015', '05/09/2015', '0', '巫柏萱', '100213018', 1443801402528, '100213018', '2015-10-02 07:56:42', 0, 0, NULL, NULL, NULL),
(6719, 400, -1, '進步程度比較', 'undefined', '01/01/2015', '12/31/2015', '0', '巫柏萱', '100213018', 1443800155396, '100213018', '2015-10-02 07:35:55', 0, 0, NULL, NULL, NULL),
(6720, 400, -1, '去年目標', 'undefined', '01/01/2014', '12/31/2014', '600000', '林立鎧', '100213018', 1443801605997, '100213018', '2015-10-02 08:00:06', 0, 0, NULL, NULL, NULL),
(6721, 400, -1, '今年目標', 'undefined', '01/01/2015', '12/31/2015', '600000', '巫柏萱', '100213018', 1443801605997, '100213018', '2015-10-02 00:03:00', 0, 0, NULL, NULL, NULL),
(6722, 400, 6710, 'A部門', '50000', '10/01/2015', '10/30/2015', '53000', 'Anne', '333', 1444713811999, '111', '2015-10-13 05:23:32', 2, 1, NULL, NULL, '10/27/2015'),
(6723, 400, 6710, 'C部門', '34667', '10/09/2015', '10/21/2015', '40000', 'Ray', '333', 1444713817499, '333', '2015-10-13 05:23:37', 1, 1, NULL, NULL, '10/21/2015'),
(6724, 400, 6710, 'B部門', '72120', '10/09/2015', '10/29/2015', '70000', 'Ben', '333', 1444713819122, '333', '2015-10-13 05:23:39', 2, 1, NULL, NULL, '10/29/2015'),
(6725, 400, 6710, 'D部門', '85600', '10/05/2015', '10/14/2015', '34000', 'William', '333', 1444713820568, '333', '2015-10-13 05:23:40', 1, 0, NULL, NULL, '10/10/2015'),
(6726, 400, -1, '訓練計畫', '23255', '10/10/2015', '10/12/2015', '50000', 'Yu', '111', 1444714488275, '333', '2015-10-13 05:34:46', 2, 0, 'button_ok', NULL, '10/11/2015'),
(6727, 401, 0, 'test', 'null', '2015-10-13T07:25:51.', 'null', '0', '巫柏萱', '333', 1444721151748, '333', '2015-10-12 23:25:52', 0, 0, 'bookmark', NULL, NULL),
(6728, 401, 6727, '各部門計畫案', 'null', '12/01/2014', '06/09/2017', '0', '巫柏萱', '333', 1444713064246, '333', '2015-10-12 13:03:00', 0, 0, 'bookmark\n', NULL, NULL),
(6729, 401, 6728, 'A部門', '50000', '10/01/2015', '10/30/2015', '53000', 'Anne', '333', 1444713811999, '111', '2015-10-12 21:23:32', 0, 0, NULL, NULL, NULL),
(6730, 401, 6729, '訓練計畫', 'undefined', '10/10/2015', '10/14/2015', '1000', 'Yu', '111', 1444714488275, '333', '2015-10-12 21:34:46', 0, 0, NULL, NULL, NULL),
(6731, 401, 6728, 'C部門', '34667', '10/09/2015', '10/21/2015', '40000', 'Ray', '333', 1444713817499, '333', '2015-10-12 21:23:37', 0, 0, NULL, NULL, NULL),
(6732, 401, 6728, 'B部門', '72120', '10/09/2015', '10/29/2015', '70000', 'Ben', '333', 1444713819122, '333', '2015-10-12 21:23:39', 0, 0, NULL, NULL, NULL),
(6733, 401, 6728, 'D部門', '85600', '10/05/2015', '10/14/2015', '34000', 'William', '333', 1444713820568, '333', '2015-10-12 21:23:40', 0, 0, NULL, NULL, NULL),
(6734, 400, -1, 'a', '500', '10/08/2015', '10/15/2015', '1000', 'a', '111', 1444722224479, '333', '2015-10-13 07:43:42', 1, 0, NULL, NULL, '10/13/2015'),
(6735, 400, -1, 'b', '485', '10/07/2015', '10/15/2015', '500', 'b', '111', 1444722272169, '333', '2015-10-13 07:44:30', 1, 0, NULL, NULL, '10/13/2015'),
(6736, 400, -1, 'untitled', 'undefined', 'undefined', 'undefined', 'undefined', 'undefined', '333', 1444722519015, '333', '2015-10-13 07:48:39', 2, 0, NULL, NULL, 'NULL'),
(6737, 402, 0, '公司整合計畫', 'null', '2015-10-13T07:58:18.', 'null', '0', '巫柏萱', '333', 1444723098909, '333', '2015-10-12 23:58:19', 0, 0, 'bookmark', NULL, NULL),
(6738, 402, 6737, 'a', 'undefined', 'undefined', 'undefined', 'undefined', 'undefined', '333', 1444723106941, '333', '2015-10-13 07:58:26', 2, 0, NULL, NULL, 'NULL'),
(6739, 402, 6737, 'c', 'undefined', 'undefined', 'undefined', 'undefined', 'undefined', '333', 1444723109225, '333', '2015-10-13 07:58:29', 1, 0, NULL, NULL, 'NULL'),
(6740, 402, 6737, 'b', 'undefined', 'undefined', 'undefined', 'undefined', 'undefined', '333', 1444723111071, '333', '2015-10-13 07:58:31', 2, 0, NULL, NULL, 'NULL'),
(6741, 402, 6737, 'd', 'undefined', 'undefined', 'undefined', 'undefined', 'undefined', '333', 1444723112823, '333', '2015-10-13 07:58:32', 1, 0, NULL, NULL, 'NULL'),
(6742, 402, 6738, '各部門計畫案', 'null', '12/01/2014', '06/09/2017', '0', '巫柏萱', '333', 1444713064246, '333', '2015-10-12 13:03:00', 2, 0, 'bookmark\n', NULL, NULL),
(6743, 402, 6742, 'A部門', '50000', '10/01/2015', '10/30/2015', '53000', 'Anne', '333', 1444713811999, '111', '2015-10-12 21:23:32', 2, 0, NULL, NULL, NULL),
(6744, 402, 6743, '訓練計畫', 'undefined', '10/10/2015', '10/14/2015', '1000', 'Yu', '111', 1444714488275, '333', '2015-10-12 21:34:46', 2, 0, 'button_ok\n', NULL, NULL),
(6745, 402, 6742, 'C部門', '34667', '10/09/2015', '10/21/2015', '40000', 'Ray', '333', 1444713817499, '333', '2015-10-12 21:23:37', 2, 0, NULL, NULL, NULL),
(6746, 402, 6745, 'a', '500', '10/08/2015', '10/15/2015', '1000', 'a', '111', 1444722224479, '333', '2015-10-12 23:43:42', 2, 0, NULL, NULL, NULL),
(6747, 402, 6742, 'B部門', '72120', '10/09/2015', '10/29/2015', '70000', 'Ben', '333', 1444713819122, '333', '2015-10-12 21:23:39', 2, 0, NULL, NULL, NULL),
(6748, 402, 6742, 'D部門', '85600', '10/05/2015', '10/14/2015', '34000', 'William', '333', 1444713820568, '333', '2015-10-12 21:23:40', 2, 0, NULL, NULL, NULL),
(6749, 403, 0, '123', 'null', '2015-10-20T17:20:33.', 'null', '0', 'Ben', '777', 1445361633300, '777', '2015-10-20 09:20:33', 0, 0, 'bookmark', NULL, NULL),
(6750, 403, -1, '地下室重建計劃', 'HI', '11/01/2014', '11/30/2014', '1800000', '梁煥明', '100213018', 1416558541169, '100213018', '2014-11-21 00:03:00', 0, 0, 'idea\n', NULL, NULL),
(6751, 403, -1, 'HR', 'null', '06/01/2015', '11/14/2015', '100000', '陳柏翰', '100213018', 1416558575031, '100213018', '2014-11-21 00:29:35', 0, 0, 'full-1\n', NULL, NULL),
(6752, 403, -1, '教育訓練', 'null', '05/01/2015', '06/30/2015', '150000', '余美儒', '100213018', 1416673858679, '100213018', '2014-11-22 08:30:58', 0, 0, 'clanbomber\n', NULL, NULL),
(6753, 403, -1, '目標', 'undefined', '02/01/2015', '02/08/2045', '100000', '余美儒', '100213018', 1443800195416, '100213018', '2015-10-02 07:36:35', 0, 0, 'button_ok\n', NULL, NULL),
(6754, 403, -1, '評估需求', 'undefined', '12/01/2014', '12/31/2014', '10500', '余美儒', '100213018', 1443800299409, '100213018', '2015-10-02 07:38:19', 0, 0, 'xmag\n', NULL, NULL),
(6755, 403, -1, '績效分析', 'undefined', '12/01/2014', '12/31/2014', '30000', '劉瑾維', '100213018', 1443800569693, '100213018', '2015-10-02 07:42:49', 0, 0, 'messagebox_warning\n', NULL, NULL),
(6756, 403, -1, '擬定計畫', 'undefined', '01/02/2015', '03/15/2015', '250000', '巫柏萱', '100213018', 1443800339953, '100213018', '2015-10-02 07:38:59', 0, 0, 'flag\n', NULL, NULL),
(6757, 403, -1, '方法', 'undefined', '', 'undefined', 'undefined', 'undefined', '100213018', 1443800676209, '100213018', '2015-10-02 07:44:36', 0, 0, 'pencil\n', NULL, NULL),
(6758, 403, -1, '師資邀請', 'undefined', '01/02/2015', '01/16/2015', '10000', '梁瑜芳', '100213018', 1443800809776, '100213018', '2015-10-02 07:46:49', 0, 0, NULL, NULL, NULL),
(6759, 403, -1, '場地租借', 'undefined', '02/01/2015', '02/27/2015', '300000', '林立鎧', '100213018', 1443800895572, '100213018', '2015-10-02 07:48:15', 0, 0, NULL, NULL, NULL),
(6760, 403, -1, '課程規劃', 'undefined', '02/01/2015', '03/01/2015', '20000', '巫柏萱', '100213018', 1443800973436, '100213018', '2015-10-02 07:49:33', 0, 0, NULL, NULL, NULL),
(6761, 403, -1, '行政支援', 'undefined', '03/01/2015', '03/25/2015', '2500', '劉謹維', '100213018', 1443801066612, '100213018', '2015-10-02 07:51:06', 0, 0, NULL, NULL, NULL),
(6762, 403, -1, '教育訓練', 'undefined', '04/02/2015', '05/01/2015', '300000', '梁瑜芳', '100213018', 1443801181902, '100213018', '2015-10-02 07:53:01', 0, 0, NULL, NULL, NULL),
(6763, 403, -1, '簽到率', 'undefined', '04/02/2015', '05/01/2015', '0', '林立鎧', '100213018', 1443801265800, '100213018', '2015-10-02 07:54:25', 0, 0, NULL, NULL, NULL),
(6764, 403, -1, '訓練成績統計', 'undefined', '05/02/2015', '05/09/2015', '0', '余美儒', '100213018', 1443801332651, '100213018', '2015-10-02 07:55:32', 0, 0, 'bookmark\n', NULL, NULL),
(6765, 403, -1, '意見統計', 'undefined', '05/02/2015', '05/09/2015', '0', '巫柏萱', '100213018', 1443801402528, '100213018', '2015-10-02 07:56:42', 0, 0, NULL, NULL, NULL),
(6766, 403, -1, '進步程度比較', 'undefined', '01/01/2015', '12/31/2015', '0', '巫柏萱', '100213018', 1443800155396, '100213018', '2015-10-02 07:35:55', 0, 0, NULL, NULL, NULL),
(6767, 403, -1, '去年目標', 'undefined', '01/01/2014', '12/31/2014', '600000', '林立鎧', '100213018', 1443801605997, '100213018', '2015-10-02 08:00:06', 0, 0, NULL, NULL, NULL),
(6768, 403, -1, '訓練成果統計', 'undefined', '01/01/2014', '12/31/2014', '0', '梁瑜芳', '100213018', 1443801809861, '100213018', '2015-10-02 08:03:29', 0, 0, 'forward\n', NULL, NULL),
(6769, 403, -1, '達成率', 'undefined', '01/01/2014', '12/31/2014', '0', '余美儒', '100213018', 1443801881120, '100213018', '2015-10-02 08:04:41', 0, 0, NULL, NULL, NULL),
(6770, 403, -1, '今年目標', 'undefined', '01/01/2015', '12/31/2015', '600000', '巫柏萱', '100213018', 1443801605997, '100213018', '2015-10-02 00:03:00', 0, 0, NULL, NULL, NULL),
(6771, 403, -1, '訓練成果統計', 'undefined', '01/01/2014', '12/31/2014', '0', '梁瑜芳', '100213018', 1443801809861, '100213018', '2015-10-02 00:03:29', 0, 0, 'forward\n\n', NULL, NULL),
(6772, 403, -1, '達成率', 'undefined', '01/01/2014', '12/31/2014', '0', '余美儒', '100213018', 1443801881120, '100213018', '2015-10-02 00:04:41', 0, 0, NULL, NULL, NULL),
(6773, 403, 6749, '地下室重建計劃', 'HI', '11/01/2014', '11/30/2014', '1800000', '梁煥明', '100213018', 1416558541169, '100213018', '2014-11-21 00:03:00', 0, 0, 'idea\n', NULL, NULL),
(6774, 403, 6749, 'HR', 'null', '06/01/2015', '11/14/2015', '100000', '陳柏翰', '100213018', 1416558575031, '100213018', '2014-11-21 00:29:35', 2, 0, 'full-1\n', NULL, NULL),
(6775, 403, 6774, '教育訓練', 'null', '05/01/2015', '06/30/2015', '150000', '余美儒', '100213018', 1416673858679, '100213018', '2014-11-22 08:30:58', 0, 0, 'clanbomber\n', NULL, NULL),
(6776, 403, 6775, '目標', 'undefined', '02/01/2015', '02/08/2045', '100000', '余美儒', '100213018', 1443800195416, '100213018', '2015-10-02 07:36:35', 0, 0, 'button_ok\n', NULL, NULL),
(6777, 403, 6775, '評估需求', 'undefined', '12/01/2014', '12/31/2014', '10500', '余美儒', '100213018', 1443800299409, '100213018', '2015-10-02 07:38:19', 0, 0, 'xmag\n', NULL, NULL),
(6778, 403, 6777, '績效分析', 'undefined', '12/01/2014', '12/31/2014', '30000', '劉瑾維', '100213018', 1443800569693, '100213018', '2015-10-02 07:42:49', 0, 0, 'messagebox_warning\n', NULL, NULL),
(6779, 403, 6775, '擬定計畫', 'undefined', '01/02/2015', '03/15/2015', '250000', '巫柏萱', '100213018', 1443800339953, '100213018', '2015-10-02 07:38:59', 0, 0, 'flag\n', NULL, NULL),
(6780, 403, 6779, '方法', 'undefined', '', 'undefined', 'undefined', 'undefined', '100213018', 1443800676209, '100213018', '2015-10-02 07:44:36', 0, 0, 'pencil\n', NULL, NULL),
(6781, 403, 6779, '師資邀請', 'undefined', '01/02/2015', '01/16/2015', '10000', '梁瑜芳', '100213018', 1443800809776, '100213018', '2015-10-02 07:46:49', 0, 0, NULL, NULL, NULL),
(6782, 403, 6779, '場地租借', 'undefined', '02/01/2015', '02/27/2015', '300000', '林立鎧', '100213018', 1443800895572, '100213018', '2015-10-02 07:48:15', 0, 0, NULL, NULL, NULL),
(6783, 403, 6779, '課程規劃', 'undefined', '02/01/2015', '03/01/2015', '20000', '巫柏萱', '100213018', 1443800973436, '100213018', '2015-10-02 07:49:33', 0, 0, NULL, NULL, NULL),
(6784, 403, 6779, '行政支援', 'undefined', '03/01/2015', '03/25/2015', '2500', '劉謹維', '100213018', 1443801066612, '100213018', '2015-10-02 07:51:06', 0, 0, NULL, NULL, NULL),
(6785, 403, 6775, '教育訓練', 'undefined', '04/02/2015', '05/01/2015', '300000', '梁瑜芳', '100213018', 1443801181902, '100213018', '2015-10-02 07:53:01', 0, 0, NULL, NULL, NULL),
(6786, 403, 6785, '簽到率', 'undefined', '04/02/2015', '05/01/2015', '0', '林立鎧', '100213018', 1443801265800, '100213018', '2015-10-02 07:54:25', 0, 0, NULL, NULL, NULL),
(6787, 403, 6785, '訓練成績統計', 'undefined', '05/02/2015', '05/09/2015', '0', '余美儒', '100213018', 1443801332651, '100213018', '2015-10-02 07:55:32', 0, 0, 'bookmark\n', NULL, NULL),
(6788, 403, 6775, '意見統計', 'undefined', '05/02/2015', '05/09/2015', '0', '巫柏萱', '100213018', 1443801402528, '100213018', '2015-10-02 07:56:42', 0, 0, NULL, NULL, NULL),
(6789, 403, 6774, '進步程度比較', 'undefined', '01/01/2015', '12/31/2015', '0', '巫柏萱', '100213018', 1443800155396, '100213018', '2015-10-02 07:35:55', 0, 0, NULL, NULL, NULL),
(6790, 403, 6789, '去年目標', 'undefined', '01/01/2014', '12/31/2014', '600000', '林立鎧', '100213018', 1443801605997, '100213018', '2015-10-02 08:00:06', 0, 0, NULL, NULL, NULL),
(6791, 403, 6790, '訓練成果統計', 'undefined', '01/01/2014', '12/31/2014', '0', '梁瑜芳', '100213018', 1443801809861, '100213018', '2015-10-02 08:03:29', 0, 0, 'forward\n', NULL, NULL),
(6792, 403, 6790, '達成率', 'undefined', '01/01/2014', '12/31/2014', '0', '余美儒', '100213018', 1443801881120, '100213018', '2015-10-02 08:04:41', 0, 0, NULL, NULL, NULL),
(6793, 403, 6789, '今年目標', 'undefined', '01/01/2015', '12/31/2015', '600000', '巫柏萱', '100213018', 1443801605997, '100213018', '2015-10-02 00:03:00', 0, 0, NULL, NULL, NULL),
(6794, 403, 6793, '訓練成果統計', 'undefined', '01/01/2014', '12/31/2014', '0', '梁瑜芳', '100213018', 1443801809861, '100213018', '2015-10-02 00:03:29', 0, 0, 'forward\n\n', NULL, NULL),
(6795, 403, 6793, '達成率', 'undefined', '01/01/2014', '12/31/2014', '0', '余美儒', '100213018', 1443801881120, '100213018', '2015-10-02 00:04:41', 0, 0, NULL, NULL, NULL),
(6796, 404, 0, '各部門實際支出總覽', 'null', '2015-10-29T05:46:18.', 'null', '0', '巫柏萱', '333', 1446097578682, '333', '2015-10-28 21:46:19', 0, 0, 'bookmark', NULL, NULL),
(6797, 404, -1, '各部門實際支出總覽', 'null', '2015-10-28T09%3A26%3', 'null', '0', '余美儒', 'Anne', 1446024385077, 'Anne', '2015-10-27 17:03:00', 0, 0, 'bookmark\n', NULL, NULL),
(6798, 404, 6796, 'HR部門', '770000', '09/08/2015', '11/25/2015', '725000', '余美儒', 'Anne', 1446024398702, 'Anne', '2015-10-28 01:26:38', 1, 0, NULL, NULL, NULL),
(6799, 404, 6796, 'IT部門', '500000', '08/02/2015', '10/30/2015', '600000', '林立鎧', 'Anne', 1446024467519, 'Anne', '2015-10-28 01:27:47', 1, 0, NULL, NULL, NULL),
(6800, 404, 6796, '採購部門', '796048', '08/28/2015', '12/01/2015', '1000000', '梁瑜芳', 'Anne', 1446024785297, 'Anne', '2015-10-28 01:33:05', 2, 0, NULL, NULL, NULL),
(6801, 404, 6796, '行銷部門', '380000', '09/01/2015', '10/31/2015', '400000', '劉謹維', 'Anne', 1446024850513, 'Anne', '2015-10-28 01:34:10', 2, 0, NULL, NULL, NULL),
(6802, 405, 0, '心智圖系統', 'null', '2015-10-29T05:51:47.', 'null', '0', '巫柏萱', '333', 1446097907356, '333', '2015-10-28 21:51:47', 0, 0, 'bookmark', NULL, NULL),
(6803, 405, -1, '心智圖系統', 'null', '2015-10-28T06%3A31%3', 'null', '0', '余美儒', 'Anne', 1446013892652, 'Anne', '2015-10-27 14:03:00', 0, 0, 'bookmark\n', NULL, NULL),
(6804, 405, 6802, '程式設計', '0', '10/28/2015', '10/28/2015', '500000', '林立鎧', 'Anne', 1446014067760, 'Anne', '2015-10-27 22:34:27', 2, 1, 'full-3\n', NULL, NULL),
(6805, 405, 6804, '模組A程式撰寫', '0', '10/28/2015', '10/28/2015', '26000', '劉謹維', 'Anne', 1446014104107, 'Anne', '2015-10-27 22:35:04', 2, 1, 'pencil\n', NULL, NULL),
(6806, 405, 6805, '網頁美化', '0', '10/28/2015', '10/28/2015', '0', '梁瑜芳', 'Anne', 1446015014303, 'Anne', '2015-10-27 22:50:14', 0, 1, 'knotify\n', NULL, NULL),
(6807, 405, 6805, '心智圖外框設計', '0', '10/28/2015', '10/28/2015', '0', '余美儒', 'Anne', 1446015041713, 'Anne', '2015-10-27 22:50:41', 0, 1, NULL, NULL, NULL),
(6808, 405, 6804, '模組B程式撰寫', '0', '10/28/2015', '10/28/2015', '26000', '巫柏萱', 'Anne', 1446014144672, 'Anne', '2015-10-27 22:35:44', 0, 1, 'pencil\n', NULL, NULL),
(6809, 405, 6808, '系統安全性強化', '0', '10/28/2015', '10/28/2015', '0', '巫柏萱', 'Anne', 1446014176094, 'Anne', '2015-10-27 22:36:16', 0, 1, 'button_ok\n', NULL, NULL),
(6810, 405, 6808, '系統模組優化', '0', '10/28/2015', '10/28/2015', '0', '林立鎧', 'Anne', 1446015134772, 'Anne', '2015-10-27 22:52:14', 0, 1, NULL, NULL, NULL),
(6811, 405, 6804, '模組C程式撰寫', '0', '10/28/2015', '10/28/2015', '26000', '余美儒', 'Anne', 1446014180648, 'Anne', '2015-10-27 22:36:20', 0, 1, 'bell\n', NULL, NULL),
(6812, 405, 6811, '資料庫撰寫', '0', '10/28/2015', '10/28/2015', '0', '劉謹維', 'Anne', 1446015172200, 'Anne', '2015-10-27 22:52:52', 0, 1, NULL, NULL, NULL),
(6813, 405, 6811, '資料庫維護', '0', '10/28/2015', '10/28/2015', '0', '余美儒', 'Anne', 1446015207658, 'Anne', '2015-10-27 22:53:27', 0, 1, NULL, NULL, NULL),
(6814, 405, 6802, '測試', '0', '10/28/2015', '10/28/2015', '0', '劉謹維', 'Anne', 1446014495166, 'Anne', '2015-10-27 22:41:35', 2, 0, 'full-4\n', NULL, NULL),
(6815, 405, 6814, '整合測試', '0', '10/28/2015', '10/28/2015', '0', '', 'Anne', 1446023216920, 'Anne', '2015-10-28 01:06:56', 0, 0, NULL, NULL, NULL),
(6816, 405, 6814, '安全測試', '0', '10/28/2015', '10/28/2015', '0', '', 'Anne', 1446023230156, 'Anne', '2015-10-28 01:07:10', 0, 0, NULL, NULL, NULL),
(6817, 405, 6814, '負載測試', '0', '10/28/2015', '10/28/2015', '0', '', 'Anne', 1446023258277, 'Anne', '2015-10-28 01:07:38', 0, 0, NULL, NULL, NULL),
(6818, 405, 6802, '需求收集', '0', '10/28/2015', '10/28/2015', '0', '巫柏萱', 'Anne', 1446015959412, 'Anne', '2015-10-27 23:05:59', 2, 0, 'full-1\n', NULL, NULL),
(6819, 405, 6802, '規格書撰寫', '0', '10/28/2015', '10/28/2015', '0', '余美儒', 'Anne', 1446015984933, 'Anne', '2015-10-27 23:06:24', 2, 1, 'full-2\n', NULL, NULL),
(6820, 405, 6802, '進度週會', '0', '10/28/2015', '10/28/2015', '0', '劉謹維', 'Anne', 1446016212962, 'Anne', '2015-10-27 23:10:12', 1, 1, 'forward\n', NULL, NULL),
(6821, 405, 6820, '週會1', '0', '10/28/2015', '10/28/2015', '0', '林立鎧', 'Anne', 1446016243265, 'Anne', '2015-10-27 23:10:43', 0, 1, NULL, NULL, NULL),
(6822, 405, 6820, '週會2', '0', '10/28/2015', '10/28/2015', '0', '余美儒', 'Anne', 1446016542046, 'Anne', '2015-10-27 23:15:42', 0, 1, NULL, NULL, NULL),
(6823, 405, 6820, '週會3', '0', '10/28/2015', '10/28/2015', '0', '梁瑜芳', 'Anne', 1446016557828, 'Anne', '2015-10-27 23:15:57', 0, 1, NULL, NULL, NULL),
(6824, 405, 6820, '週會4', '0', '10/28/2015', '10/28/2015', '0', '', 'Anne', 1446016575119, 'Anne', '2015-10-27 23:16:15', 0, 1, NULL, NULL, NULL),
(6825, 405, 6802, '里程碑會議', '0', '10/28/2015', '10/28/2015', '0', '劉謹維', 'Anne', 1446016631968, 'Anne', '2015-10-27 23:17:11', 1, 0, 'flag\n', NULL, NULL),
(6826, 405, 6802, '導入前規劃', '0', '10/28/2015', '10/28/2015', '0', '巫柏萱', 'Anne', 1446016672693, 'Anne', '2015-10-27 23:17:52', 1, 0, 'messagebox_warning\n', NULL, NULL),
(6827, 405, 6826, '程式修復', '0', '10/28/2015', '10/28/2015', '0', '', 'Anne', 1446016702998, 'Anne', '2015-10-27 23:18:23', 0, 0, NULL, NULL, NULL),
(6828, 405, 6826, '重工(例行bug修復)', '0', '10/28/2015', '10/28/2015', '0', '', 'Anne', 1446017889834, 'Anne', '2015-10-27 23:38:09', 0, 0, NULL, NULL, NULL),
(6829, 405, 6802, '驗收與交付', '0', '10/28/2015', '10/28/2015', '0', '', 'Anne', 1446017919913, '333', '2015-10-27 23:38:39', 1, 0, 'idea\n', NULL, ''),
(6830, 392, -1, '新節點', '0', '11/07/2015', '11/07/2015', '0', '', '100213018', 1446899460025, '100213018', '2015-11-07 12:31:00', 2, 0, NULL, NULL, ''),
(6831, 406, 0, '1212312', 'null', '2015-11-07T12:40:50.', 'null', '0', '許展祐', '100213018', 1446900050257, '100213018', '2015-11-07 04:40:50', 0, 0, 'bookmark', NULL, NULL),
(6832, 406, 6831, '新節點', '0', '11/07/2015', '11/07/2015', '5000', '', '100213018', 1446900059554, '100213018', '2015-11-07 12:40:59', 2, 0, NULL, NULL, ''),
(6833, 406, 6831, '新節點', '10000', '11/07/2015', '11/07/2015', '2000', '', '100213018', 1446900066206, '100213018', '2015-11-07 12:41:06', 1, 0, NULL, NULL, ''),
(6834, 406, 6831, '新節點', '0', '11/07/2015', '11/07/2015', '200', '', '100213018', 1446900068910, '100213018', '2015-11-07 12:41:08', 2, 0, NULL, NULL, ''),
(6835, 406, 6831, '新節點', '0', '11/07/2015', '11/07/2015', '15000', '', '100213018', 1446900071049, '100213018', '2015-11-07 12:41:11', 1, 0, NULL, NULL, ''),
(6836, 407, 0, '測試用專案', 'null', '2015-11-26T05:10:25.', 'null', '0', '許展祐', '100213018', 1448514625185, '100213018', '2015-11-25 21:10:25', 0, 0, 'bookmark', NULL, NULL),
(6837, 407, 6836, '新節點', '0', '11/26/2015', '11/26/2015', '0', '', '100213018', 1448514996046, '100213018', '2015-11-26 05:16:36', 2, 1, NULL, NULL, ''),
(6838, 407, 6837, '新節點', '0', '11/29/2015', '11/29/2015', '0', '', '100213018', 1448809763010, '100213018', '2015-11-29 15:09:23', 2, 1, NULL, NULL, ''),
(6839, 407, 6838, '新節點', '0', '11/29/2015', '11/29/2015', '0', '', '100213018', 1448809860870, '100213018', '2015-11-29 15:11:00', 2, 1, NULL, NULL, ''),
(6840, 407, 6838, '新節點', '0', '11/29/2015', '11/29/2015', '0', '', '100213018', 1448809988355, '100213018', '2015-11-29 15:13:08', 2, 1, NULL, NULL, ''),
(6841, 407, 6838, '新節點', '0', '11/29/2015', '11/29/2015', '0', '', '100213018', 1448809991889, '100213018', '2015-11-29 15:13:11', 2, 1, NULL, NULL, ''),
(6842, 408, 0, '11111', 'null', '2015-12-11T11:51:55.', 'null', '0', 'William', '100213018', 1449834715203, '100213018', '2015-12-11 03:51:55', 0, 0, 'bookmark', NULL, NULL),
(6843, 409, 0, '2222', 'null', '2015-12-11T12:04:15.', 'null', '0', 'William', '100213018', 1449835455927, '100213018', '2015-12-11 04:04:16', 0, 0, 'bookmark', NULL, NULL),
(6844, 409, 6843, '新節點', '0', '12/11/2015', '12/11/2015', '0', '', '100213018', 1449835468960, '100213018', '2015-12-11 12:04:28', 2, 0, NULL, NULL, ''),
(6845, 409, 6843, '新節點', '0', '12/11/2015', '12/11/2015', '0', '', '100213018', 1449835470673, '100213018', '2015-12-11 12:04:30', 1, 0, NULL, NULL, ''),
(6846, 410, 0, '123', 'null', '2015-12-23T09:03:19.', 'null', '0', 'Ben', '111', 1450861399309, '111', '2015-12-23 01:03:19', 0, 0, 'bookmark', NULL, NULL),
(6847, 410, 6846, '新節點', '0', '12/23/2015', '12/23/2015', '0', '', '111', 1450861407270, '111', '2015-12-23 09:03:27', 2, 0, NULL, NULL, ''),
(6848, 410, 6846, '新節點', '0', '12/23/2015', '12/23/2015', '0', '', '111', 1450861413561, '111', '2015-12-23 09:03:33', 1, 0, NULL, NULL, ''),
(6849, 405, 6821, '新節點', '0', '12/23/2015', '12/23/2015', '0', '', '111', 1450861579959, '111', '2015-12-23 09:06:19', 1, 1, NULL, NULL, ''),
(6850, 392, 6565, '新節點', '0', '12/23/2015', '12/23/2015', '0', '', '100213018', 1450861583041, '100213018', '2015-12-23 09:06:23', 1, 0, NULL, NULL, ''),
(6851, 392, 6850, '新節點', '0', '12/23/2015', '12/23/2015', '0', '', '100213018', 1450861587640, '100213018', '2015-12-23 09:06:27', 1, 0, NULL, NULL, ''),
(6852, 392, 6567, '新節點', '0', '12/23/2015', '12/23/2015', '0', '', '100213018', 1450861856189, '100213018', '2015-12-23 09:10:56', 1, 0, NULL, NULL, ''),
(6853, 392, 6852, '新節點', '0', '12/23/2015', '12/23/2015', '0', '', '100213018', 1450861857976, '100213018', '2015-12-23 09:10:57', 1, 0, NULL, NULL, ''),
(6854, 411, 0, '543545', 'null', '2015-12-29T09:35:52.', 'null', '0', 'William', '100213018', 1451381752616, '100213018', '2015-12-29 01:35:53', 0, 0, 'bookmark', NULL, NULL),
(6855, 411, 6854, '語言提升', '0', '12/29/2015', '12/29/2015', '0', '', '100213018', 1451381767121, '100213018', '2015-12-29 09:36:07', 2, 0, NULL, NULL, ''),
(6856, 411, 6854, '新節點', '0', '12/02/2015', '12/17/2015', '0', '', '100213018', 1451381888551, '100213018', '2015-12-29 09:38:08', 1, 0, NULL, NULL, ''),
(6857, 411, 6858, '新節點', '6000', '12/02/2015', '12/31/2015', '0', '', '100213018', 1451381993374, '100213018', '2015-12-29 09:39:53', 2, 0, NULL, NULL, '12/31/2015'),
(6858, 411, 6859, '新節點', '0', '12/29/2015', '12/29/2015', '0', '', '100213018', 1451381994867, '100213018', '2015-12-29 09:39:54', 1, 0, NULL, NULL, ''),
(6859, 411, 6856, '考托福', '0', '12/29/2015', '12/30/2015', '0', '', '100213018', 1451381996297, '100213018', '2015-12-29 09:39:56', 1, 0, NULL, NULL, '12/30/2015'),
(6860, 407, 6836, '新節點', '0', '12/29/2015', '12/29/2015', '0', '', '100213018', 1451383142146, '100213018', '2015-12-29 09:59:02', 1, 0, NULL, NULL, ''),
(6861, 407, 6836, '新節點', '0', '12/29/2015', '12/29/2015', '0', '', '100213018', 1451383144102, '100213018', '2015-12-29 09:59:04', 2, 0, NULL, NULL, ''),
(6862, 407, 6836, '新節點', '0', '12/29/2015', '12/29/2015', '0', '', '100213018', 1451383145261, '100213018', '2015-12-29 09:59:05', 1, 0, NULL, NULL, ''),
(6863, 407, 6836, '新節點', '0', '12/29/2015', '12/29/2015', '0', '', '100213018', 1451383146709, '100213018', '2015-12-29 09:59:06', 2, 0, NULL, NULL, ''),
(6864, 407, 6860, '新節點', '0', '12/29/2015', '12/29/2015', '0', '', '111', 1451383559786, '111', '2015-12-29 10:05:59', 1, 0, NULL, NULL, ''),
(6865, 378, 0, 'HelloWorld', 'null', '2016-02-16T11:39:22.', 'null', '0', 'Ben', '111', 1455622762596, '111', '2016-02-16 03:39:23', 0, 0, 'bookmark', NULL, NULL),
(6866, 378, 6417, '新節點', '0', '02/16/2016', '02/29/2016', '400', '', '111', 1455622841017, '111', '2016-02-16 11:40:41', 2, 0, 'button_cancel', NULL, ''),
(6867, 378, 6417, '新節點', '0', '02/16/2016', '02/16/2016', '900', '', '111', 1455622842425, '111', '2016-02-16 11:40:42', 1, 0, NULL, NULL, ''),
(6868, 378, 6417, '新節點', '0', '02/16/2016', '02/16/2016', '0', '', '111', 1455622843624, '111', '2016-02-16 11:40:43', 2, 0, 'ksmiletris', NULL, ''),
(6869, 378, 6417, '新節點', '0', '02/16/2016', '02/16/2016', '0', '', '111', 1455622845995, '111', '2016-02-16 11:40:46', 1, 0, NULL, NULL, ''),
(6870, 378, 6417, '新節點', '0', '02/16/2016', '02/16/2016', '0', '', '111', 1455622847750, '111', '2016-02-16 11:40:47', 2, 0, 'forward', NULL, ''),
(6871, 378, 6417, '新節點', '0', '02/16/2016', '02/16/2016', '0', '', '111', 1455622849540, '111', '2016-02-16 11:40:49', 1, 0, NULL, NULL, ''),
(6872, 378, 6867, '新節點', '0', '02/16/2016', '02/16/2016', '0', '', '111', 1455623897529, '111', '2016-02-16 11:58:17', 1, 0, NULL, NULL, ''),
(6873, 378, 6867, '新節點', '0', '02/16/2016', '02/16/2016', '0', '', '111', 1455623899528, '111', '2016-02-16 11:58:19', 1, 0, NULL, NULL, ''),
(6874, 413, 0, 'Testing', 'null', '2016-03-16T05:06:45.', 'null', '0', 'Willaim', 'sos987987', 1458104805631, 'sos987987', '2016-03-15 21:06:46', 0, 0, 'bookmark', NULL, NULL),
(6875, 414, 0, 'TravelDairer', 'null', '2016-03-22T14:18:35.', 'null', '0', 'Willaim', 'sos987987', 1458656315829, 'sos987987', '2016-03-22 06:18:36', 0, 0, 'bookmark', NULL, NULL),
(6876, 414, 6875, '會員註冊登入', '0', '03/22/2016', '03/22/2016', '0', '', 'sos987987', 1458656324385, 'sos987987', '2016-03-22 14:18:44', 2, 0, 'idea', NULL, ''),
(6877, 414, 6876, '日記管理檢視', '0', '03/22/2016', '03/22/2016', '0', '', 'sos987987', 1458657185453, 'sos987987', '2016-03-22 14:33:05', 2, 0, 'idea', NULL, ''),
(6878, 414, -1, '新節點', '0', '03/22/2016', '03/22/2016', '0', '', 'sos987987', 1458657187770, 'sos987987', '2016-03-22 14:33:07', 2, 0, NULL, NULL, ''),
(6879, 414, 6877, '日記編輯(新增/修改/刪除)', '0', '03/22/2016', '03/22/2016', '0', '', 'sos987987', 1458657760498, 'sos987987', '2016-03-22 14:42:40', 1, 0, 'idea', NULL, ''),
(6880, 414, 6879, '地點紀錄/定位存取', '0', '03/22/2016', '03/22/2016', '0', '', 'sos987987', 1458657808577, 'sos987987', '2016-03-22 14:43:28', 1, 0, 'idea', NULL, ''),
(6881, 414, 6879, '上傳照片/儲存照片', '0', '03/22/2016', '03/22/2016', '0', '', 'sos987987', 1458657871870, 'sos987987', '2016-03-22 14:44:31', 1, 0, 'idea', NULL, ''),
(6882, 414, 6879, '旅程資訊輸入模板', '0', '03/22/2016', '03/22/2016', '0', '', 'sos987987', 1458657933103, 'sos987987', '2016-03-22 14:45:33', 1, 0, 'idea', NULL, ''),
(6883, 414, -1, '新節點', '0', '03/22/2016', '03/22/2016', '0', '', 'sos987987', 1458657984575, 'sos987987', '2016-03-22 14:46:24', 1, 0, NULL, NULL, ''),
(6884, 414, 6882, '時間軸顯示單位行程資訊', '0', '03/22/2016', '03/22/2016', '0', '', 'sos987987', 1458658013343, 'sos987987', '2016-03-22 14:46:53', 1, 0, 'idea', NULL, ''),
(6885, 414, 6879, '即時錄影功能', '0', '03/22/2016', '03/22/2016', '0', '', 'sos987987', 1458658616100, 'sos987987', '2016-03-22 14:56:56', 1, 0, 'messagebox_warning', NULL, ''),
(6886, 414, 6879, '評價/留言', '0', '03/22/2016', '03/22/2016', '0', '', 'sos987987', 1458658753605, 'sos987987', '2016-03-22 14:59:13', 1, 0, 'messagebox_warning', NULL, ''),
(6887, 414, 6877, '搜尋日記', '0', '03/22/2016', '03/22/2016', '0', '', 'sos987987', 1458658780565, 'sos987987', '2016-03-22 14:59:40', 1, 0, 'messagebox_warning', NULL, ''),
(6888, 414, 6879, '日記讀取權限', '0', '03/22/2016', '03/22/2016', '0', '', 'sos987987', 1458659007261, 'sos987987', '2016-03-22 15:03:27', 2, 0, 'messagebox_warning', NULL, ''),
(6889, 414, 6877, '客製化的個人旅遊日誌空間', '0', '03/22/2016', '03/22/2016', '0', '', 'sos987987', 1458659097559, 'sos987987', '2016-03-22 15:04:57', 2, 0, 'messagebox_warning', NULL, ''),
(6890, 414, 6879, '會員階級經驗值', '0', '03/22/2016', '03/22/2016', '0', '', 'sos987987', 1458659131201, 'sos987987', '2016-03-22 15:05:31', 2, 0, 'messagebox_warning', NULL, ''),
(6891, 414, 6875, 'APP製作', '0', '03/22/2016', '03/22/2016', '0', '', 'sos987987', 1458660762761, 'sos987987', '2016-03-22 15:32:42', 2, 0, 'messagebox_warning', NULL, ''),
(6892, 414, 6877, '離線瀏覽', '0', '03/22/2016', '03/22/2016', '0', '', 'sos987987', 1458660856816, 'sos987987', '2016-03-22 15:34:16', 2, 0, 'messagebox_warning', NULL, '');

-- --------------------------------------------------------

--
-- 資料表結構 `nodeaccesscontrol`
--

CREATE TABLE IF NOT EXISTS `nodeaccesscontrol` (
  `NodeACID` int(10) NOT NULL AUTO_INCREMENT,
  `NodeID` int(10) NOT NULL,
  `userid` int(10) NOT NULL,
  `mapid` char(10) DEFAULT NULL,
  `isblock` int(5) DEFAULT NULL,
  PRIMARY KEY (`NodeACID`)
) ENGINE=InnoDB  DEFAULT CHARSET=latin1 AUTO_INCREMENT=693 ;

--
-- 資料表的匯出資料 `nodeaccesscontrol`
--

INSERT INTO `nodeaccesscontrol` (`NodeACID`, `NodeID`, `userid`, `mapid`, `isblock`) VALUES
(98, 6487, 111, NULL, NULL),
(99, 6463, 111, NULL, 1),
(100, 6506, 111, NULL, NULL),
(107, 6512, 111, NULL, NULL),
(109, 6512, 111, NULL, NULL),
(110, 6513, 111, NULL, NULL),
(112, 6513, 111, NULL, NULL),
(145, 6512, 111, NULL, NULL),
(147, 6512, 111, NULL, NULL),
(148, 6513, 111, NULL, NULL),
(150, 6513, 111, NULL, NULL),
(183, 6512, 111, NULL, NULL),
(185, 6512, 111, NULL, NULL),
(186, 6513, 111, NULL, NULL),
(188, 6513, 111, NULL, NULL),
(221, 6512, 111, NULL, NULL),
(223, 6512, 111, NULL, NULL),
(224, 6513, 111, NULL, NULL),
(226, 6513, 111, NULL, NULL),
(259, 6512, 111, NULL, NULL),
(261, 6512, 111, NULL, NULL),
(262, 6513, 111, NULL, NULL),
(264, 6513, 111, NULL, NULL),
(297, 6512, 111, NULL, NULL),
(299, 6512, 111, NULL, NULL),
(300, 6513, 111, NULL, NULL),
(302, 6513, 111, NULL, NULL),
(335, 6512, 111, NULL, NULL),
(337, 6512, 111, NULL, NULL),
(338, 6513, 111, NULL, NULL),
(340, 6513, 111, NULL, NULL),
(373, 6512, 111, NULL, NULL),
(375, 6512, 111, NULL, NULL),
(376, 6513, 111, NULL, NULL),
(378, 6513, 111, NULL, NULL),
(380, 6515, 111, NULL, NULL),
(381, 6515, 111, NULL, NULL),
(382, 6515, 111, NULL, NULL),
(383, 6515, 111, NULL, NULL),
(384, 6516, 111, NULL, NULL),
(385, 6516, 111, NULL, NULL),
(386, 6516, 111, NULL, NULL),
(387, 6516, 111, NULL, NULL),
(411, 6512, 111, NULL, NULL),
(413, 6512, 111, NULL, NULL),
(414, 6513, 111, NULL, NULL),
(416, 6513, 111, NULL, NULL),
(418, 6515, 111, NULL, NULL),
(419, 6515, 111, NULL, NULL),
(420, 6515, 111, NULL, NULL),
(421, 6515, 111, NULL, NULL),
(422, 6516, 111, NULL, NULL),
(423, 6516, 111, NULL, NULL),
(424, 6516, 111, NULL, NULL),
(425, 6516, 111, NULL, NULL),
(449, 6512, 111, NULL, NULL),
(451, 6512, 111, NULL, NULL),
(452, 6513, 111, NULL, NULL),
(454, 6513, 111, NULL, NULL),
(456, 6515, 111, NULL, NULL),
(457, 6515, 111, NULL, NULL),
(458, 6515, 111, NULL, NULL),
(459, 6515, 111, NULL, NULL),
(460, 6516, 111, NULL, NULL),
(461, 6516, 111, NULL, NULL),
(462, 6516, 111, NULL, NULL),
(463, 6516, 111, NULL, NULL),
(487, 6512, 111, NULL, NULL),
(489, 6512, 111, NULL, NULL),
(490, 6513, 111, NULL, NULL),
(492, 6513, 111, NULL, NULL),
(494, 6515, 111, NULL, NULL),
(495, 6515, 111, NULL, NULL),
(496, 6515, 111, NULL, NULL),
(497, 6515, 111, NULL, NULL),
(498, 6516, 111, NULL, NULL),
(499, 6516, 111, NULL, NULL),
(500, 6516, 111, NULL, NULL),
(501, 6516, 111, NULL, NULL),
(525, 6512, 111, NULL, NULL),
(527, 6512, 111, NULL, NULL),
(528, 6513, 111, NULL, NULL),
(530, 6513, 111, NULL, NULL),
(532, 6515, 111, NULL, NULL),
(533, 6515, 111, NULL, NULL),
(534, 6515, 111, NULL, NULL),
(535, 6515, 111, NULL, NULL),
(536, 6516, 111, NULL, NULL),
(537, 6516, 111, NULL, NULL),
(538, 6516, 111, NULL, NULL),
(539, 6516, 111, NULL, NULL),
(563, 6512, 111, NULL, NULL),
(565, 6512, 111, NULL, NULL),
(566, 6513, 111, NULL, NULL),
(568, 6513, 111, NULL, NULL),
(570, 6515, 111, NULL, NULL),
(571, 6515, 111, NULL, NULL),
(572, 6515, 111, NULL, NULL),
(573, 6515, 111, NULL, NULL),
(574, 6516, 111, NULL, NULL),
(575, 6516, 111, NULL, NULL),
(576, 6516, 111, NULL, NULL),
(577, 6516, 111, NULL, NULL),
(601, 6512, 111, NULL, NULL),
(603, 6512, 111, NULL, NULL),
(609, 6512, 111, NULL, NULL),
(611, 6512, 111, NULL, NULL),
(617, 6512, 111, NULL, NULL),
(619, 6512, 111, NULL, NULL),
(625, 6512, 111, NULL, NULL),
(627, 6512, 111, NULL, NULL),
(633, 6512, 111, NULL, NULL),
(635, 6512, 111, NULL, NULL),
(641, 6512, 111, NULL, NULL),
(647, 6512, 111, NULL, NULL),
(653, 6512, 111, NULL, NULL),
(656, 6510, 111, NULL, NULL),
(657, 6522, 111, NULL, NULL),
(659, 6512, 111, NULL, NULL),
(673, 6536, 111, NULL, NULL),
(674, 6541, 111, NULL, NULL),
(675, 6542, 111, NULL, NULL),
(677, 6530, 111, NULL, NULL),
(678, 6546, 111, NULL, NULL),
(679, 6547, 111, NULL, NULL),
(680, 6548, 111, NULL, NULL),
(681, 6301, 111, NULL, NULL),
(682, 6311, 111, NULL, NULL),
(683, 6317, 111, NULL, NULL),
(684, 6318, 111, NULL, NULL),
(685, 6321, 111, NULL, NULL),
(686, 6322, 111, NULL, NULL),
(687, 6434, 111, NULL, NULL),
(688, 6435, 111, NULL, NULL),
(689, 6722, 111, NULL, NULL),
(690, 6726, 111, NULL, NULL),
(691, 6819, 333, NULL, NULL),
(692, 6804, 333, NULL, NULL);

-- --------------------------------------------------------

--
-- 資料表結構 `nodetodolist`
--

CREATE TABLE IF NOT EXISTS `nodetodolist` (
  `ListID` int(10) NOT NULL AUTO_INCREMENT,
  `NodeID` int(10) NOT NULL,
  `Listname` char(10) CHARACTER SET big5 NOT NULL,
  `isFinish` int(5) NOT NULL DEFAULT '0',
  PRIMARY KEY (`ListID`)
) ENGINE=InnoDB  DEFAULT CHARSET=latin1 AUTO_INCREMENT=90 ;

--
-- 資料表的匯出資料 `nodetodolist`
--

INSERT INTO `nodetodolist` (`ListID`, `NodeID`, `Listname`, `isFinish`) VALUES
(14, 6325, '', 0),
(15, 6325, '', 0),
(16, 6325, '', 0),
(17, 6325, '', 0),
(18, 6325, '', 0),
(19, 6325, '', 0),
(20, 6325, '', 0),
(21, 6325, '', 0),
(22, 6325, '', 0),
(23, 6326, 'Hello Worl', 0),
(24, 6326, '1111', 0),
(25, 6565, '買樂透', 1),
(26, 6564, '測試用', 0),
(27, 6628, '111', 0),
(28, 6564, '測試用', 0),
(29, 6566, '111', 1),
(30, 6566, '111', 1),
(31, 6566, '111', 0),
(32, 6566, '111', 0),
(33, 6566, '111', 0),
(34, 6566, '111', 0),
(35, 6566, '111', 0),
(36, 6566, '111', 0),
(37, 6566, '111', 0),
(38, 6566, '111', 0),
(39, 6566, '111', 0),
(40, 6566, '111', 0),
(41, 6566, '111', 0),
(42, 6566, '111', 0),
(43, 6567, '111', 0),
(44, 6567, '111', 0),
(45, 6567, '111', 0),
(46, 6567, '111', 0),
(47, 6567, '111', 0),
(48, 6564, '56545', 0),
(49, 6564, '56545', 0),
(50, 6564, '56545', 0),
(51, 6564, '56545', 0),
(52, 6564, '5546', 0),
(53, 6564, '5546', 0),
(54, 6564, '5546', 0),
(55, 6564, '5546', 0),
(56, 6564, '5546', 0),
(57, 6564, '5546', 0),
(58, 6632, '111', 0),
(59, 6632, '111', 0),
(60, 6632, '111', 0),
(61, 6632, '111', 0),
(62, 6632, '111', 0),
(63, 6632, '111', 0),
(64, 6632, '111', 0),
(65, 6633, '111', 0),
(66, 6633, '111', 0),
(67, 6633, '111', 0),
(68, 6634, '11', 1),
(69, 6634, '11', 0),
(70, 6634, '11', 0),
(71, 6634, '11', 0),
(72, 6634, '11', 0),
(73, 6635, '11', 0),
(74, 6636, '111', 0),
(75, 6636, '111', 0),
(76, 6636, '111', 0),
(77, 6641, '統神要吃屎', 1),
(78, 6710, '社拜採購', 1),
(79, 6726, '訓練費用給付', 0),
(80, 6726, '計劃案上繳', 0),
(81, 6726, '補助項目', 1),
(82, 6726, '幹部遴選', 1),
(83, 6832, '大變', 1),
(84, 6657, '12321313', 0),
(85, 6657, '12321313', 0),
(86, 6657, '12321313', 0),
(87, 6866, '123', 0),
(88, 6866, '123', 1),
(89, 6866, '123', 1);

-- --------------------------------------------------------

--
-- 資料表結構 `post`
--

CREATE TABLE IF NOT EXISTS `post` (
  `postID` int(11) NOT NULL AUTO_INCREMENT,
  `DBID` int(11) NOT NULL,
  `user` varchar(32) COLLATE utf8mb4_unicode_ci NOT NULL,
  `msg` varchar(40) COLLATE utf8mb4_unicode_ci NOT NULL,
  PRIMARY KEY (`postID`),
  KEY `user` (`user`)
) ENGINE=MyISAM  DEFAULT CHARSET=utf8mb4 COLLATE=utf8mb4_unicode_ci AUTO_INCREMENT=13 ;

--
-- 資料表的匯出資料 `post`
--

INSERT INTO `post` (`postID`, `DBID`, `user`, `msg`) VALUES
(1, 44, 'Chen', '最好是避開期中考週！'),
(2, 77, 'S4372305', '小帆要跟桓宇一起表演狐步唷！請大家多多支持！^_^'),
(3, 58, 'Moodyplanet', '請大家提出自己認為比較合適的表演日期，24小時後開始投票表決，可複選，得票數高者'),
(4, 47, 'Jcvi', 'everybody，我新建了一張圖，想要討論晚會當天的企劃，請點旁邊紅色的箭頭唷'),
(5, 57, 'Followstar', '新活動中心演藝廳的舞台雖然很大，但是木板間的縫也很大，跳舞時女生的高跟鞋很容易被'),
(6, 67, 'CmCo', '應該改成『籌備』會比較好，籌備可以包含場佈、化妝等等。'),
(7, 207, 'Jcvi', 'everybody，我新建了一張圖，想要討論晚會當天的企劃，請點旁邊紅色的箭頭唷'),
(8, 206, 'Jcvi', 'everybody，我新建了一張圖，想要討論晚會當天的企劃，請點旁邊紅色的箭頭唷'),
(9, 243, 'Followstar', '新活動中心演藝廳的舞台雖然很大，但是木板間的縫也很大，跳舞時女生的高跟鞋很容易被'),
(10, 303, 'Coco', '我覺得余老師的 客很棒'),
(11, 303, 'Joycy', '嘿啊嘿啊'),
(12, 304, 'Joycy', '作業太難了啦!!');

-- --------------------------------------------------------

--
-- 資料表結構 `upload`
--

CREATE TABLE IF NOT EXISTS `upload` (
  `no` int(11) NOT NULL AUTO_INCREMENT,
  `filename` varchar(50) CHARACTER SET utf8 COLLATE utf8_unicode_ci NOT NULL,
  `mapid` int(11) NOT NULL,
  `nodeid` int(11) DEFAULT NULL,
  `poster` varchar(15) CHARACTER SET utf8 COLLATE utf8_unicode_ci NOT NULL,
  `time` bigint(20) NOT NULL,
  PRIMARY KEY (`no`)
) ENGINE=InnoDB  DEFAULT CHARSET=latin1 AUTO_INCREMENT=33 ;

--
-- 資料表的匯出資料 `upload`
--

INSERT INTO `upload` (`no`, `filename`, `mapid`, `nodeid`, `poster`, `time`) VALUES
(1, 'Humanity-sc.png', 1, 1, '賴俊佑', 1339083165875),
(2, 'Model0.mdl', 1, 4, '賴俊佑', 1339124504702),
(3, '_4tawagcaAKwFQ6uuWUcDw (1).jpg', 1, 13, '陳建宏', 1339125042374),
(4, '六月份第一次會議.docx', 2, NULL, '賴俊佑', 1339566592296),
(5, 'ASUS NB.jpg', 2, 59, '陳建宏', 1341794191533),
(6, '會議資料.JPG', 5, 92, '賴俊佑', 1341795243768),
(7, '報價單.pdf', 4, 123, '陳憖宏', 1341795768188),
(8, 'TDDB84-DesignPatterns-Exam-2005-10-15.pdf', 2, 37, '賴俊佑', 1362323008422),
(9, 'brain.jpg', 9, 180, '賴俊佑', 1380981873672),
(11, '研究及修課計畫.docx', 207, 0, '賴俊佑', 1415007870342),
(12, 'AWESOME_FACE!!!.png', 216, 0, '賴俊佑', 1439799270846),
(13, 'AWESOME_FACE!!!.png', 216, 0, '賴俊佑', 1439800181782),
(14, '_MG_3317.JPG', 216, 0, '賴俊佑', 1439815481451),
(15, '_MG_3317.JPG', 216, 0, '賴俊佑', 1439816295790),
(16, '四上課表.docx', 216, 0, '賴俊佑', 1439870935392),
(17, 'AWESOME_FACE!!!.png', 216, 0, '賴俊佑', 1439877734547),
(18, '1205754273.jpg', 216, 0, '賴俊佑', 1439877784972),
(19, '_MG_4352.JPG', 216, 0, '賴俊佑', 1439880045072),
(20, 'AWESOME_FACE!!!.png', 216, 6300, '許展祐', 1441507554560),
(21, 'AWESOME_FACE!!!.png', 216, 6325, '許展祐', 1441621855265),
(22, '貓咪.jpg', 216, 6326, '許展祐', 1442029226124),
(23, '', 392, 6565, 'William', 1449821785073),
(24, '', 392, 6565, 'William', 1449821846168),
(26, '', 392, 6657, 'William', 1449834595471),
(27, '25788.jpg', 409, 6844, 'William', 1449835484962),
(28, '推甄報名資料 (2).pdf', 409, 6844, 'William', 1449835496890),
(29, '未命名.png', 409, 6845, 'William', 1449835768530),
(30, '多人心智圖同步平台.pptx', 409, 0, 'William', 1449835894208),
(31, '金蓉山.jpg', 378, 6868, 'Ben', 1455623281367),
(32, '大四下課表.docx', 378, 6868, 'Ben', 1455623389668);

-- --------------------------------------------------------

--
-- 資料表結構 `user`
--

CREATE TABLE IF NOT EXISTS `user` (
  `userid` varchar(12) CHARACTER SET utf8 COLLATE utf8_unicode_ci NOT NULL,
  `pwd` varchar(12) CHARACTER SET utf8 COLLATE utf8_unicode_ci NOT NULL,
  `name` varchar(12) CHARACTER SET utf8 COLLATE utf8_unicode_ci NOT NULL,
  `level` tinyint(3) unsigned NOT NULL DEFAULT '0',
  `active` tinyint(3) unsigned NOT NULL DEFAULT '1',
  `sex` varchar(2) DEFAULT 'M',
  `email` varchar(10) DEFAULT ' ',
  `job` varchar(10) DEFAULT '',
  `company` varchar(10) DEFAULT '',
  `intro` varchar(15) DEFAULT 'No status',
  PRIMARY KEY (`userid`)
) ENGINE=InnoDB DEFAULT CHARSET=latin1;

--
-- 資料表的匯出資料 `user`
--

INSERT INTO `user` (`userid`, `pwd`, `name`, `level`, `active`, `sex`, `email`, `job`, `company`, `intro`) VALUES
('100213018', '123456', 'William', 10, 1, 'M', 'a10000058@', 'sos', 'sos', 'Testing'),
('100213059', '123456', 'Allen', 10, 1, 'M', ' ', '', '', 'No status'),
('111', '111', 'Ben', 10, 1, 'M', '13ssay@mai', 'PM', 'hsinji CO.', 'hi everyone!'),
('123', '123', '許冬清', 0, 1, 'M', ' ', '', '', 'No status'),
('222', '222', '陳建宏', 0, 1, 'M', ' ', '', '', 'No status'),
('333', '333', '巫柏萱', 10, 1, 'M', '333', 'student', 'NCNU', 'No status'),
('444', '444', '慢太歲', 0, 1, 'M', ' ', '', '', 'No status'),
('666', '666', '余美儒', 10, 1, 'F', '666', 'MIS', '', 'No status'),
('777', '777', 'Ben', 0, 1, 'M', '777@mail', 'member', 'hsinji', '^_^'),
('JC', '123', 'Jerry', 10, 1, 'M', ' ', '', '', 'No status'),
('sos987987', 'sos789789', 'Willaim', 0, 1, 'M', 'sos789789', '', '', 'No status');

-- --------------------------------------------------------

--
-- 資料表結構 `useragents`
--

CREATE TABLE IF NOT EXISTS `useragents` (
  `userAgentId` int(11) unsigned NOT NULL AUTO_INCREMENT,
  `userAgentString` varchar(255) NOT NULL,
  `userAgentRemoteAddress` varchar(15) DEFAULT NULL,
  PRIMARY KEY (`userAgentId`),
  KEY `userAgentString` (`userAgentString`)
) ENGINE=MyISAM  DEFAULT CHARSET=utf8 AUTO_INCREMENT=19 ;

--
-- 資料表的匯出資料 `useragents`
--

INSERT INTO `useragents` (`userAgentId`, `userAgentString`, `userAgentRemoteAddress`) VALUES
(1, 'Mozilla/4.0 (compatible; MSIE 8.0; Windows NT 6.1; Win64; x64; Trident/4.0; .NET CLR 2.0.50727; SLCC2; .NET CLR 3.5.30729; .NET CLR 3.0.30729; Media Center PC 6.0)', NULL),
(2, 'Mozilla/5.0 (Windows; U; Windows NT 5.1; en-US) AppleWebKit/532.5 (KHTML, like Gecko) Chrome/4.1.249.1064 Safari/532.5', NULL),
(3, 'Mozilla/4.0 (compatible; MSIE 8.0; Windows NT 5.1; Trident/4.0)', NULL),
(4, 'Mozilla/4.0 (compatible; MSIE 8.0; Windows NT 5.1; Trident/4.0; GTB6.5; .NET CLR 2.0.50727; .NET CLR 3.0.4506.2152; .NET CLR 3.5.30729; InfoPath.2)', NULL),
(5, 'Mozilla/4.0 (compatible; MSIE 8.0; Windows NT 5.1; Trident/4.0; .NET CLR 2.0.50727; InfoPath.2; .NET CLR 3.0.4506.2152; .NET CLR 3.5.30729)', NULL),
(6, 'Mozilla/4.0 (compatible; MSIE 8.0; Windows NT 5.1; Trident/4.0; .NET CLR 2.0.50727; .NET CLR 3.0.4506.2152; .NET CLR 3.5.30729; InfoPath.2)', NULL),
(7, 'Mozilla/4.0 (compatible; MSIE 7.0; Windows NT 5.1; Trident/4.0; .NET CLR 2.0.50727; .NET CLR 3.0.4506.2152; .NET CLR 3.5.30729; Maxthon 2.0)', NULL),
(8, 'Mozilla/4.0 (compatible; MSIE 8.0; Windows NT 6.1; Trident/4.0; SLCC2; .NET CLR 2.0.50727; .NET CLR 3.5.30729; .NET CLR 3.0.30729; Media Center PC 6.0; InfoPath.2)', NULL),
(9, 'Mozilla/5.0 (Windows; U; Windows NT 5.1; en-US) AppleWebKit/533.4 (KHTML, like Gecko) Chrome/5.0.375.70 Safari/533.4', NULL),
(10, 'Mozilla/5.0 (Windows; U; Windows NT 5.1; en-US) AppleWebKit/533.4 (KHTML, like Gecko) Chrome/5.0.375.99 Safari/533.4', NULL),
(11, 'Mozilla/4.0 (compatible; MSIE 8.0; Windows NT 5.1; Trident/4.0; .NET CLR 2.0.50727; .NET CLR 3.0.04506.648; .NET CLR 3.5.21022; .NET CLR 3.0.4506.2152; .NET CLR 3.5.30729)', NULL),
(12, 'Mozilla/4.0 (compatible; MSIE 6.0; Windows NT 5.1)', '150.70.172.106'),
(13, 'Mozilla/4.0 (compatible; MSIE 6.0; Windows NT 5.1)', '216.104.15.138'),
(14, 'Mozilla/4.0 (compatible; MSIE 6.0; Windows NT 5.1)', '216.104.15.130'),
(15, 'Mozilla/4.0 (compatible; MSIE 6.0; Windows NT 5.1)', '150.70.64.198'),
(16, 'Mozilla/4.0 (compatible; MSIE 6.0; Windows NT 5.1)', '150.70.75.28'),
(17, 'Mozilla/5.0 (Windows; U; Windows NT 6.1; zh-TW; rv:1.9.2.15) Gecko/20110303 Firefox/3.6.15', NULL),
(18, 'Mozilla/4.0 (compatible; MSIE 8.0; Windows NT 6.1; Win64; x64; Trident/4.0; .NET CLR 2.0.50727; SLCC2; .NET CLR 3.5.30729; .NET CLR 3.0.30729; Media Center PC 6.0; .NET4.0C)', NULL);

-- --------------------------------------------------------

--
-- 資料表結構 `useragenttitles`
--

CREATE TABLE IF NOT EXISTS `useragenttitles` (
  `userAgentString` varchar(255) NOT NULL,
  `userAgentTitle` varchar(64) DEFAULT NULL,
  PRIMARY KEY (`userAgentString`)
) ENGINE=MyISAM DEFAULT CHARSET=utf8;

--
-- 資料表的匯出資料 `useragenttitles`
--

INSERT INTO `useragenttitles` (`userAgentString`, `userAgentTitle`) VALUES
('Mozilla/2.0 (compatible; Ask Jeeves/Teoma; +http://about.ask.com/en/docs/about/webmasters.shtml)', 'Ask Crawler'),
('Mozilla/5.0 (compatible; Ask Jeeves/Teoma; +http://about.ask.com/en/docs/about/webmasters.shtml)', 'Ask Crawler'),
('Mozilla/2.0 (compatible; Ask Jeeves/Teoma; +http://sp.ask.com/docs/about/tech_crawling.html)', 'Ask Crawler'),
('Baiduspider+(+http://www.baidu.com/search/spider_jp.html)', 'Baiduspider'),
('Baiduspider+(+http://www.baidu.com/search/spider.htm)', 'Baiduspider'),
('Mozilla/5.0 (compatible; BecomeBot/3.0; +http://www.become.com/site_owners.html)', 'BecomeBot'),
('Speedy Spider (Entireweb; Beta/1.2; http://www.entireweb.com/about/search_tech/speedyspider/)', 'Entireweb Speedy Spider'),
('Speedy Spider (http://www.entireweb.com/about/search_tech/speedyspider/)', 'Entireweb Speedy Spider'),
('Gigabot/2.0/gigablast.com/spider.html', 'Gigabot'),
('Mozilla/5.0 (compatible; Googlebot/2.1; +http://www.google.com/bot.html)', 'Googlebot'),
('ichiro/2.0 (http://help.goo.ne.jp/door/crawler.html)', 'Ichiro Web Crawler'),
('ilial/Nutch-0.9 (Ilial, Inc. is a Los Angeles based Internet startup company.; http://www.ilial.com/crawler; crawl@ilial.com)', 'Ilial crawler'),
('Mozilla/5.0 (compatible; heritrix/1.10.2 +http://i.stanford.edu/)', 'Internet Archive Heritrix Crawler'),
('IRLbot/3.0 (compatible; MSIE 6.0; http://irl.cs.tamu.edu/crawler)', 'IRL crawler'),
('Krugle/Krugle,Nutch/0.8+ (Krugle web crawler; http://corp.krugle.com/crawler/info.html; webcrawler@krugle.com)', 'Krugle Crawler'),
('msnbot/1.0 (+http://search.msn.com/msnbot.htm)', 'MSNBot'),
('msnbot-media/1.0 (+http://search.msn.com/msnbot.htm)', 'MSNBot'),
('MSRBOT (http://research.microsoft.com/research/sv/msrbot)', 'MSRBot'),
('Mozilla/4.0 (compatible; NaverBot/1.0; http://help.naver.com/delete_main.asp)', 'NaverBot'),
('Mozilla/4.0 (compatible; Netcraft Web Server Survey)', 'Netcraft Survey Bot'),
('psbot/0.1 (+http://www.picsearch.com/bot.html)', 'Psbot (picsearch.com)'),
('Sogou web spider/3.0(+http://www.sogou.com/docs/help/webmasters.htm#07)', 'Sogou Spider'),
('SurveyBot/2.3 (Whois Source)', 'SurveyBot'),
('Mozilla/5.0 (compatible; Yahoo! Slurp; http://help.yahoo.com/help/us/ysearch/slurp)', 'Yahoo! Slurp'),
('Mozilla/5.0 (compatible; Yahoo! Slurp China; http://misc.yahoo.com.cn/help.html)', 'Yahoo! Slurp China'),
('Mozilla/5.0 (compatible; YodaoBot/1.0; http://www.yodao.com/help/webmaster/spider/; )', 'YodaoBot');

-- --------------------------------------------------------

--
-- 資料表結構 `userfriend`
--

CREATE TABLE IF NOT EXISTS `userfriend` (
  `FID` int(10) NOT NULL AUTO_INCREMENT,
  `owner` varchar(15) NOT NULL,
  `follower` varchar(15) NOT NULL,
  PRIMARY KEY (`FID`)
) ENGINE=InnoDB  DEFAULT CHARSET=latin1 AUTO_INCREMENT=23 ;

--
-- 資料表的匯出資料 `userfriend`
--

INSERT INTO `userfriend` (`FID`, `owner`, `follower`) VALUES
(1, '100213018', '111'),
(4, '100213018', '100213059'),
(5, '111', '100213018'),
(6, '100213018', 'JC'),
(7, '777', '777'),
(8, '777', '777'),
(9, '333', '111'),
(10, '333', '888'),
(11, '333', '777'),
(12, '666', '333'),
(13, '666', '222'),
(14, '666', '???'),
(15, '666', '333'),
(16, '333', '666'),
(17, '666', '333'),
(18, '666', '222'),
(19, '666', '333'),
(20, '666', '333'),
(21, '666', '111'),
(22, '666', '100213018');

-- --------------------------------------------------------

--
-- 資料表結構 `userpicture`
--

CREATE TABLE IF NOT EXISTS `userpicture` (
  `id` int(10) NOT NULL AUTO_INCREMENT,
  `filename` varchar(10) CHARACTER SET big5 NOT NULL,
  `filetype` int(10) NOT NULL,
  `userid` varchar(20) NOT NULL,
  PRIMARY KEY (`id`)
) ENGINE=InnoDB  DEFAULT CHARSET=latin1 AUTO_INCREMENT=30 ;

--
-- 資料表的匯出資料 `userpicture`
--

INSERT INTO `userpicture` (`id`, `filename`, `filetype`, `userid`) VALUES
(6, 'd79251.jpg', 0, '100213018'),
(7, 'user.png', 0, '100213059'),
(9, 'user.png', 0, 'JC'),
(24, 'eric.jpg', 0, '333'),
(26, 'vic.jpg', 0, '777'),
(28, 'yu.jpg', 0, '666'),
(29, '貓咪2.jpg', 0, '111');

-- --------------------------------------------------------

--
-- 資料表結構 `users`
--

CREATE TABLE IF NOT EXISTS `users` (
  `userId` int(11) unsigned NOT NULL AUTO_INCREMENT,
  `userUsername` varchar(32) NOT NULL,
  `userPassword` varchar(32) DEFAULT NULL,
  `userCookieId` varchar(32) NOT NULL DEFAULT '',
  `userCookiePassword` varchar(32) NOT NULL DEFAULT '',
  `userUsernameLower` varchar(32) NOT NULL,
  `userAvatarNr` tinyint(3) unsigned NOT NULL DEFAULT '1',
  `userAvatarCustom` varchar(9) DEFAULT NULL,
  `userAge` int(11) unsigned NOT NULL DEFAULT '0',
  `userDisplayMode` varchar(32) NOT NULL DEFAULT 'graphical',
  `userEventPeopleLeaving` enum('0','1') NOT NULL DEFAULT '0',
  `userEventPeopleEntering` enum('0','1') NOT NULL DEFAULT '0',
  `userEventBotsEntering` enum('0','1') NOT NULL DEFAULT '0',
  `userHomeLocation` varchar(128) DEFAULT NULL,
  `userHomeSublocation` varchar(128) DEFAULT NULL,
  `userInputMode` enum('say','cmd') DEFAULT 'say',
  `userInputEnabled` enum('off','on') DEFAULT 'off',
  `userInputPersistent` enum('once','page','always') NOT NULL DEFAULT 'page',
  PRIMARY KEY (`userId`),
  KEY `userCookieId` (`userCookieId`,`userCookiePassword`)
) ENGINE=MyISAM  DEFAULT CHARSET=utf8 AUTO_INCREMENT=23 ;

--
-- 資料表的匯出資料 `users`
--

INSERT INTO `users` (`userId`, `userUsername`, `userPassword`, `userCookieId`, `userCookiePassword`, `userUsernameLower`, `userAvatarNr`, `userAvatarCustom`, `userAge`, `userDisplayMode`, `userEventPeopleLeaving`, `userEventPeopleEntering`, `userEventBotsEntering`, `userHomeLocation`, `userHomeSublocation`, `userInputMode`, `userInputEnabled`, `userInputPersistent`) VALUES
(6, 'lazyjc', '123456', '86967c91c9baa8e0ef861f0b2cc29d61', '0cf6911d884daeb8fd03bc57f78830b2', 'lazyjc', 10, NULL, 15598, 'graphical', '0', '0', '0', NULL, NULL, 'say', 'on', 'page'),
(7, 'vickylee', '123456', 'c647bb9ee85e04218b4e85de72ab282e', '7a70483c8ce8f6a80a9a10ef84377cb2', 'vickylee', 17, NULL, 1540, 'graphical', '0', '0', '0', NULL, NULL, 'say', 'on', 'page'),
(3, 'sail', '96213546', 'f7956458608bcf39809ca1aac8f418ca', '371951d84e7d5894353365ed95302e91', 'sail', 1, NULL, 1673, 'graphical', '0', '0', '0', NULL, NULL, 'say', 'on', 'page'),
(4, 'mike', 'mike1213', 'df7f980d0eeaeb608b73efb7fac02767', '68d54df8927e0bc11440cdfdc3c09b56', 'mike', 7, NULL, 0, 'graphical', '0', '0', '0', NULL, NULL, 'say', 'off', 'page'),
(5, 'chen', 'chen1213', '6fce19e313f53470a9c6e331a407a2c3', 'c10157a7fcd420810e5f4608e8edb7c7', 'chen', 15, NULL, 0, 'graphical', '0', '0', '0', NULL, NULL, 'say', 'off', 'page'),
(8, 'rody', '123456', '24400b1fee4bdf382affe0f06f8f1b50', 'da5bd3c21eb9617f5e99aee605230bdd', 'rody', 14, NULL, 1589, 'graphical', '0', '0', '0', NULL, NULL, 'say', 'on', 'page'),
(9, 's4372305', '123456', '10e9487fa85628693f0f43c7089edbbf', 'd75915e3b90e0518d9eb91ea8ff27903', 's4372305', 4, NULL, 0, 'graphical', '0', '0', '0', NULL, NULL, 'say', 'off', 'page'),
(10, 'moodyplanet', '123456', 'ef75096b0f86cec3a612b142874a1d66', '07c4cac3359fc08496270fbc843fca85', 'moodyplanet', 2, NULL, 0, 'graphical', '0', '0', '0', NULL, NULL, 'say', 'off', 'page'),
(11, 'jcvi', '123456', '40a5cac980f71ec9aebe2919e608c15e', '1c8f4dc3653f65bd1e1969a8cbee2ed9', 'jcvi', 2, NULL, 0, 'graphical', '0', '0', '0', NULL, NULL, 'say', 'off', 'page'),
(12, 'followstar', '123456', '20994a0aa9a8b6e180b4d156cb76c877', '2e38e4a77d65e6eca721029a248b1838', 'followstar', 9, NULL, 0, 'graphical', '0', '0', '0', NULL, NULL, 'say', 'on', 'page'),
(13, 'joycy', '123456', '6840b4ba33d8c2c669cfcdd3c01dc86d', '8235ccbbf6845f59209f101f2af73cd1', 'joycy', 4, NULL, 7636, 'graphical', '0', '0', '0', NULL, NULL, 'say', 'on', 'page'),
(14, 'mcfly8', '123456', '52147b1aaad116968e39ff41233f4191', 'ffcbcbcdd7c8aa2305d3a744249e4339', 'mcfly8', 10, NULL, 0, 'graphical', '0', '0', '0', NULL, NULL, 'say', 'off', 'page'),
(15, 'meihsin', '123456', 'bf655b7a8e897b1516bcbab1124fb468', 'be78a50ef28eca74628361c49e75d3ad', 'meihsin', 4, NULL, 0, 'graphical', '0', '0', '0', NULL, NULL, 'say', 'off', 'page'),
(16, 'shaddock', '123456', 'a4080192531db43f4c9d773aaeaccb8f', 'c9664af902baa8b12dadf34dc46fe412', 'shaddock', 2, NULL, 0, 'graphical', '0', '0', '0', NULL, NULL, 'say', 'off', 'page'),
(17, 'CmCo', '123456', 'c4149bbc6b280152a1263ad073c8a808', 'c74e937bdea5b542d932553521bdd2ba', 'cmco', 8, NULL, 0, 'graphical', '0', '0', '0', NULL, NULL, 'say', 'off', 'page'),
(18, 'vitas', '123456', 'e65bb9299a2c05a1dbf14802f6df5fcd', '99ef1ced7dd6fc1cb3c8cb5d8f74d21b', 'vitas', 14, NULL, 0, 'graphical', '0', '0', '0', NULL, NULL, 'say', 'off', 'page'),
(19, 'ciyas', '123456', '6d5b64214c2b987da9772de21e9a04fd', 'b8a63fb4c4f5d8ddc6f9999385526d21', 'ciyas', 6, NULL, 0, 'graphical', '0', '0', '0', NULL, NULL, 'say', 'off', 'page'),
(20, 'y1082235', '123456', '6bacdbdfa3147e023394357ff55ab2a2', '163c8ae2be8e9f6f65122b6ea50e7e07', 'y1082235', 7, NULL, 0, 'graphical', '0', '0', '0', NULL, NULL, 'say', 'off', 'page'),
(21, 'itaiwan', '123456', '8150ca83de5c812c284f4757d184ca07', 'a09e4b8c9f0b459616359c9331b6aede', 'itaiwan', 12, NULL, 0, 'graphical', '0', '0', '0', NULL, NULL, 'say', 'off', 'page'),
(22, 'coco', '123456', '65b7fb32365c04994c1acc0e2c43deb7', 'd414f26b09470c46755df78aabefbcdb', 'coco', 3, NULL, 6772, 'graphical', '0', '0', '0', NULL, NULL, 'say', 'on', 'page');

/*!40101 SET CHARACTER_SET_CLIENT=@OLD_CHARACTER_SET_CLIENT */;
/*!40101 SET CHARACTER_SET_RESULTS=@OLD_CHARACTER_SET_RESULTS */;
/*!40101 SET COLLATION_CONNECTION=@OLD_COLLATION_CONNECTION */;
